age,monthly_spend,days_since_last_order,support_tickets,tenure_months,churn
23,104.9558323776167,13.88628357143573,1,63,0
62,101.67672793327489,8.592097138639105,3,93,0
55,150.7586348629498,1.0138882384175043,1,68,0
43,152.76416675648554,0.12921545720766314,1,42,0
42,98.59651386493152,38.835505090376245,0,50,0
66,103.87349292279805,70.27841470626335,2,55,0
22,141.64523352872163,18.337549361444307,3,89,0
57,86.89663037061354,26.58724295970458,0,119,0
29,103.57864047939941,0.6799405293674307,0,93,0
23,123.58371069473739,48.29995903161192,1,38,0
48,159.83754739289031,19.9860470013679,4,14,0
73,95.81605535281837,80.8844004672187,1,57,0
59,46.30462151877312,29.087633856319133,1,103,0
61,43.33610129927156,18.37400787844025,3,76,0
58,69.62347733175466,0.20059015780835696,1,39,0
62,67.47329127200251,58.37708947678629,1,11,1
47,113.81556965520363,31.269360616500027,4,31,1
25,72.4447938560958,30.060815919116624,1,86,0
65,91.88980160715184,66.13086253096381,1,80,0
43,89.03656460071801,5.766483284617563,0,54,0
46,102.37968556608027,52.083987654889036,0,40,0
39,172.9001732609249,2.7685457474428556,1,21,0
28,146.47790357722067,1.751626104447233,2,116,0
70,120.64517661104016,70.34975563691087,3,52,0
62,101.55894877676647,80.59424499493431,0,92,0
54,102.67069373507915,4.424543234829376,0,55,0
40,133.109858798078,8.890456592489963,2,68,0
64,143.3667629340916,12.84734066810164,0,77,0
49,83.69529975597598,58.89797402343247,3,43,1
43,121.45923022456925,53.902408978938155,2,112,0
43,38.73521725347892,11.209462167653326,0,55,0
30,128.46855136682387,44.4461630038479,0,92,0
23,150.48596967834743,1.106079614582506,3,110,0
49,108.79725492476499,8.051991373161353,1,46,0
68,192.6610798456042,21.741332407996403,2,28,0
21,84.75046210255798,19.275490964508244,1,116,0
66,128.69761661213045,16.3966051232535,0,94,0
65,118.56701013336178,4.459913578804235,1,95,0
33,115.98809330226366,49.334487597550634,0,113,0
54,115.4271132798101,7.107751574677884,2,4,0
27,124.28420120037887,47.57691894094967,1,113,0
61,153.918349738548,40.79200446721654,1,14,0
57,175.10944945098976,14.986930376193156,0,18,0
38,119.9099902198337,21.430211774866283,1,26,0
21,152.61264288686533,18.361933766898357,3,14,0
73,91.9293221493287,142.77867888673154,1,10,0
43,150.63821810904932,16.92457968899563,3,15,0
68,89.52033904692038,69.88248230082179,0,58,0
56,163.6263974435253,46.83526211949058,2,45,0
62,208.42563509572958,33.065231197533116,2,41,0
61,115.11664448114433,1.2752767737647805,1,21,0
29,32.29826036770365,15.786123955353922,2,116,0
38,98.07708267020708,73.67954464536764,3,40,0
44,169.27500537157215,41.42731624968037,0,57,0
46,142.1230714810098,63.58495215261961,1,17,0
20,129.9565439470012,14.449960657343407,2,26,0
49,160.34673423819356,0.5664257698365189,3,28,0
26,139.37813756993688,56.959991527879644,3,116,0
60,168.70900749804545,21.08261660409526,0,21,0
56,156.77694706587943,9.113325295987083,1,62,0
70,180.86801810947836,18.311103255047858,1,65,0
60,134.35184335625019,12.255759188666289,0,9,0
38,156.21037605975818,7.093342271623182,2,42,0
73,107.71491707656858,17.41941105093081,3,10,0
41,95.94156753763977,5.879800131386196,1,21,0
36,188.27070561675893,89.7917983136002,2,81,0
69,128.64818705290753,4.919876731123534,3,68,0
39,152.19522263449517,26.86918965493436,1,59,0
22,124.94960057645561,56.70361305273498,1,26,0
44,96.53937396320143,42.207416424063986,2,75,0
63,120.43931570329605,15.206812704162575,1,108,0
28,177.43976071070858,39.19955481615015,2,102,0
44,142.20960297117696,15.32881441719825,3,21,0
25,51.54107361078164,12.15241476573792,3,82,0
57,111.3902217369538,10.27118863452708,2,30,0
45,191.29175170818849,5.069091774212634,0,103,0
36,111.44812552600176,22.61626709801887,1,57,0
30,47.98085233063277,28.235623457469565,3,89,0
50,195.72195541690175,18.14042089395646,0,65,0
56,147.29570039251172,8.082133679947132,2,81,0
71,117.19948564748799,7.447875366847371,1,112,0
42,105.14329055671726,0.37022462834493647,0,17,0
27,163.29407719166943,31.575738530204365,2,108,0
65,98.3206639909523,87.06396113756995,2,58,0
53,165.93025698063954,36.27382861224044,1,17,0
57,141.68781142897024,54.4041959091332,1,52,0
23,129.78727701949398,9.60836226923236,1,7,0
35,125.82059221342381,29.87946649947697,3,65,0
61,113.00127853143287,0.32358152467823814,2,57,0
65,161.82560480837063,24.388573134915863,3,47,0
42,85.38628671592663,91.71329289230377,2,53,0
63,55.122994926791634,14.502300832570322,2,74,0
65,144.577604915699,15.090096485903754,2,99,0
40,145.2495331226859,18.95983354536768,1,47,0
69,139.20964610047068,40.908066102740094,2,3,0
34,136.30913478472155,3.793369654467805,0,67,0
31,107.17838486649809,29.48568963990949,3,113,0
56,151.49930817542102,52.95022905588729,0,47,0
54,118.17767492981837,15.770904713810749,0,15,0
25,100.51545756739287,22.869032270500135,1,108,0
65,107.52434750978401,66.95243935420885,1,50,0
29,200.82558795103327,27.244858328160877,0,45,0
63,50.60095671818269,3.658299763275124,1,36,0
18,139.99152417183194,36.99570660396128,0,87,0
63,52.83558289505132,7.410814867699786,0,18,0
62,115.67066646708108,23.948221279389873,3,74,0
62,102.6549005938325,30.566994153733773,3,42,0
55,36.59886813280488,13.927636772614127,4,46,0
44,135.56150361735052,8.342720366729578,1,26,0
58,104.79847751231216,74.069596340581,0,97,0
33,36.03174629755024,31.36783622892931,1,54,0
62,153.5827236309701,21.687281837361134,1,111,0
49,177.4002471195574,12.266115439462663,1,99,0
44,179.60497369186288,66.8402262583412,2,91,0
46,134.35825762605884,25.657144498698894,2,54,0
50,121.84232554308463,99.46872527593143,2,113,0
20,173.12626483583188,16.806348164720117,2,70,0
25,187.29534341360392,51.934017694203575,2,52,0
31,165.342748115025,43.23579357059443,1,42,0
24,82.33849591080795,21.176293211019907,0,109,0
43,128.05379412859688,30.720915747102282,5,31,1
56,137.58064577165715,77.00300611744443,1,105,0
55,47.61532124331083,6.547697050805937,2,28,0
44,138.77442638483097,0.4591084142850394,1,91,0
66,210.91967303917556,17.301464633858433,3,34,0
50,145.59744663203165,4.928246326261922,2,100,0
22,178.93652325767025,6.5256193412372925,1,100,0
61,127.3165892051482,78.4979676190432,0,87,0
50,117.07126704064714,16.13711469783738,2,119,0
54,135.25085560323902,5.320287596021906,0,61,0
50,87.3669340806227,27.033459365155412,2,100,0
49,81.44899251062446,0.07174492875552604,2,66,0
23,170.65218228677463,8.7571970741752,1,5,0
49,174.89369371466074,15.430609754925431,1,50,1
63,80.35574737650597,31.625387503640297,0,4,0
35,158.71995218215457,66.24661206476233,0,80,0
52,116.52160097575916,0.6284821931083764,0,19,0
19,133.59234297961723,17.073615286210945,4,39,0
37,138.40874557740253,4.971866015171706,0,104,0
42,159.77401872497273,37.979802932899766,1,89,0
74,123.30872807452755,22.78626526735295,2,40,0
30,176.40647981207744,11.498796102597428,2,61,0
33,132.376513590397,5.132258683607523,0,70,0
41,144.9673708987813,31.366829807227507,2,43,0
74,86.66949633851014,14.369144644987067,1,90,0
66,206.34636042819335,40.731110990170116,1,18,0
19,138.79299692819865,23.709772913475582,0,51,0
31,148.51989701380398,12.345706049882702,2,31,0
64,55.672567551538336,60.20511532534309,0,81,0
21,87.09191907683595,31.070157367902866,0,77,0
66,169.51534751674922,41.02022082334462,2,97,0
34,131.4756447317042,22.183713922051233,1,45,0
70,43.448810606842954,27.402381325304514,1,28,1
34,161.53159715935277,26.568364964238853,3,4,0
42,98.24868782589107,15.925529042767309,3,103,0
55,176.4526794350685,10.67760269714916,1,40,0
25,116.48657285585202,62.459530815659214,0,90,0
49,128.1882674408212,11.670711117171727,0,44,0
46,167.15818314366595,3.829538923780724,1,40,0
62,84.1002811658135,15.48365469649611,1,28,0
74,80.28612768664242,30.1712454617016,0,93,0
55,112.1400631840757,50.88099791744541,1,35,0
41,153.08691198484888,23.981756574687424,2,36,0
41,66.76490989546038,41.63241388559114,2,84,0
41,53.27861600443613,64.52076756589169,0,62,0
64,152.9488370817517,49.97725925010431,1,89,0
36,95.88086749731985,11.74783761278323,2,13,0
27,104.31095948318868,54.82579989763005,1,115,0
37,45.727583922393364,52.474196624410354,0,29,0
19,92.84082742592071,9.145445809477904,1,15,0
24,119.69730813475397,7.6381670323385356,0,14,0
23,157.2151143049157,65.12486272931083,0,38,0
61,89.15079335061445,31.92793658110566,0,51,0
59,186.29504480929987,19.995297244751285,1,10,0
57,92.61775903280798,51.75764477554688,1,75,0
44,92.67632793659301,1.2617050036885091,1,73,0
58,181.4943020759121,3.660515956092604,3,93,0
27,128.4584060945567,47.49673779360325,2,2,0
69,97.91901083953694,30.11020334608304,1,12,0
46,113.79467475277626,1.241840582247428,1,25,0
71,174.12294310168238,1.7426396065033776,2,53,0
26,178.64811278502728,25.479566053423703,3,70,0
46,87.32827282918976,9.895290077916709,2,25,0
57,118.30264759683567,13.6097324649467,3,43,0
46,123.60627310670293,52.886961454719085,3,62,0
43,80.5503955793361,36.17964157045972,1,65,0
27,117.77259789400023,30.57199278086981,2,63,0
39,120.21291441806802,37.43259439734424,2,77,0
31,165.60837915746941,18.436736542056565,3,90,0
35,168.29700113244803,18.59413203987372,0,100,0
56,106.83162406563967,58.61943959058324,1,115,0
53,111.44187424556753,1.3197481272193363,0,47,0
52,146.5716920822254,33.653032567529046,0,40,0
38,96.59246204291954,4.788526158878023,2,34,0
72,143.5456060694961,32.06843256280121,3,42,1
22,116.48374050523141,2.470157828991596,1,65,0
37,81.22405689045517,140.22629341986635,1,72,0
24,81.72653148481413,49.646233087928195,1,9,1
37,177.8823478412441,4.583903731166682,1,119,0
72,113.74314083426806,25.567800530133404,2,5,0
38,185.61416375593245,117.3145130410445,2,48,0
69,99.45454957140359,12.11913230288892,1,54,0
46,131.64820804525974,35.666627768776095,0,42,0
57,215.70706892072965,132.4855379507999,2,26,0
44,77.70453021346883,36.87226441640908,2,64,0
33,44.08742000400893,8.904233947146178,2,1,0
61,171.46360525148933,41.00954444276211,4,89,0
73,86.92763578427706,29.101316471716324,1,81,0
33,119.17174543575065,3.715315794061424,0,92,0
62,96.5632715819366,11.138402255504221,3,98,0
32,130.72651123821265,2.3185385953499753,5,106,0
58,81.97855171257032,6.992770143553293,1,18,0
62,112.80239648466775,14.616138734513397,0,100,0
43,137.99261306226137,1.1795580746927492,1,68,0
60,79.66764454902952,25.63577300686151,1,15,0
33,91.99663881416444,7.518453398687246,5,118,0
22,106.10468665605873,24.626328971417937,0,97,0
23,62.84738263094887,35.47214221535697,1,32,1
43,103.09756068805015,23.36845740612817,0,106,0
69,124.75186159611607,26.090438906763524,1,87,0
25,104.01804233646286,5.918553516684395,1,54,0
43,109.14494028273101,126.48715018891602,1,20,0
58,119.20393316373658,11.182975050526021,1,88,0
29,93.77026150270744,9.014136845810025,2,111,0
59,147.64250263467508,67.8899343352136,0,23,0
35,177.43912499207102,40.591700602915026,0,1,0
64,101.42478431218206,4.6638145853147845,5,28,1
51,139.40792925910827,1.8075904190752796,0,36,0
49,110.41531378261412,11.544419830624724,1,46,0
28,134.6194938015402,115.44693903397197,1,117,0
44,182.6311812481302,46.94076743305529,1,115,0
66,140.34638172072394,21.222881063787717,1,80,0
19,49.063418447612776,0.3974819539623299,2,26,0
61,138.15982525787837,12.750489909028712,0,26,0
46,169.31454973236038,10.724200942717987,0,10,0
59,111.1361532000759,87.54036261886353,0,95,0
55,159.8253922447133,0.6786317545605711,0,27,0
42,92.39537835392215,0.5025850471062533,0,107,0
35,60.57843361910905,32.951051755063645,5,72,0
53,125.64676075330561,4.121904475031669,4,58,0
25,49.740931170147434,14.398906546411737,0,111,0
51,110.40915948425634,2.8841040760138377,0,19,0
23,171.47369050582012,5.986298194203742,1,56,0
55,43.60948377014877,12.460893251647217,0,31,0
53,68.82012816344408,27.65725527513243,0,22,0
22,78.71871019353691,40.71349742196085,2,113,0
61,117.4672056115616,24.367723784672435,1,73,0
41,105.37132857415163,0.7528714251317482,1,20,0
62,175.96545526784348,15.063700205930278,1,13,0
20,158.1739331636679,5.391357222123267,1,38,0
28,139.81091784274392,5.676426510383758,3,100,0
46,125.8252125737554,18.988521818736864,3,18,0
28,135.7291910793931,40.05773642372807,1,89,0
36,85.520705787465,7.377314596898213,0,13,0
55,154.2884141422645,45.72752841338514,2,41,0
26,75.51822982563195,40.55824094338572,5,63,0
56,153.41507975608923,77.6403206442845,0,16,0
23,167.44570008475324,58.979831901156636,0,48,0
27,128.43458408352348,21.476707358886145,1,32,0
51,112.95147764152097,6.58164217116444,2,6,0
63,136.01239633238694,34.18064029192438,1,1,0
27,10.0,91.38716603009752,2,18,0
35,132.09032873941845,61.202824359856734,1,90,0
70,115.46584008640772,11.509537301654145,1,5,0
74,117.97487547772036,108.66441177620611,0,61,0
51,148.2613005159131,7.908237380103376,1,3,0
43,117.00924313741089,23.077018973965757,1,26,0
37,74.39172573395368,19.17077676968567,1,22,0
52,114.34389316698488,58.58648590257565,2,41,0
51,122.70221936323298,17.820416016487115,1,89,0
34,124.59735646324052,39.678238065151994,3,51,0
19,126.47677469140272,14.54636210761998,2,2,0
26,161.57476179674214,6.324790957472057,0,18,0
72,76.5586178786341,48.12340180846095,3,37,1
41,127.028018246594,22.20398049511358,3,34,0
45,171.59718794472963,48.67844270201964,1,68,0
44,50.615540122512186,22.63477661915115,0,42,0
62,127.18586723120214,12.567587949541242,1,89,0
21,96.58485992107826,14.619942985566095,2,31,0
22,105.1715846210758,139.47142590692224,2,81,0
33,83.80769987142313,64.19626674373093,1,12,0
45,113.21797137198223,57.753604349028016,2,118,0
56,193.6502245770762,43.67884069168707,1,118,0
45,69.42278555291145,5.4557015899464485,1,33,0
43,73.21559990084691,30.971213162534504,3,28,0
71,67.92261719345981,20.976840898563214,2,1,0
27,189.09673146512404,28.198078116317184,1,117,0
50,101.50641177914852,15.851671048592689,0,5,0
48,118.97443758609303,60.241642256167296,1,1,0
44,103.8886823557504,41.36751737202759,1,12,0
64,82.22308486387634,30.358113862844228,1,36,0
33,110.59397413542258,14.237546438708652,0,117,0
72,218.3297442294624,18.79077945288274,2,20,0
36,175.68283683897022,28.727307006168118,3,68,0
49,85.88248728830911,0.08822713133162717,0,78,0
47,145.90296412246744,21.298740619686765,1,96,0
66,86.73908909334494,40.49781464828424,2,84,0
43,48.945294446151166,48.828221702269964,0,118,0
34,160.7804367065852,16.16476884583679,2,79,0
19,166.40371386574202,14.8242906871991,3,101,0
38,161.84209004191598,114.80847912603386,1,39,1
65,101.20539003121709,5.567548973018275,1,49,0
18,113.32897063992056,18.6534175833551,2,88,0
69,149.99062214632494,18.91347123634272,1,105,0
48,135.6598414939243,31.146271347708456,0,1,0
25,104.25450114811822,26.096642918291305,1,52,0
35,55.237127195273416,26.06669684878483,1,96,0
49,124.55500776568049,14.097204310307662,2,14,0
35,163.16038556944454,42.63895943006048,2,42,0
24,72.0964684386337,48.75847901764759,2,66,0
55,145.55037526703907,47.04731892803631,2,10,1
56,133.2616678053477,18.57643052599388,2,109,0
24,150.00593052929335,27.177993691992338,1,44,0
34,154.8790199887603,8.117889408144864,1,94,0
31,92.22139032298588,27.4948002147762,3,51,0
55,55.321623993402156,27.220006380853647,0,48,0
59,98.65921897268483,17.41031373691601,3,115,0
59,155.5650927010803,100.98594056430626,2,102,0
71,98.31984385896115,9.063221268938312,0,62,0
61,92.23826704569433,1.517547928021732,1,56,0
36,47.14598632301447,94.97453642003428,1,93,0
24,190.10590218203757,58.391860220803665,3,82,0
53,153.0285456570124,4.333031806880504,1,117,0
70,150.79583925099058,16.60076865444843,1,40,0
73,158.70901547117896,5.330997763821379,2,14,0
31,143.06833446173607,26.214264276333832,4,24,0
31,110.22684579281884,4.956654669578954,0,63,0
20,113.44943583511193,29.06642123743091,2,38,0
26,102.897425416315,11.080201038399295,2,97,0
49,225.3896301766,79.56254395374125,2,105,0
49,142.2364812519777,18.22765505376551,0,23,0
39,101.44798234594262,29.496050764716934,4,118,1
35,138.6198709666512,10.533265094085323,3,76,0
65,79.5652432857473,18.939378480389163,1,32,0
44,180.18026874356906,1.5274796044845866,3,24,0
64,93.5572361677144,9.890026028092075,3,20,0
72,140.04341730489864,25.18265116263852,2,57,0
36,162.63910518972537,8.646972754795625,2,9,0
29,135.39074176819972,5.1108375087209215,2,16,0
72,123.77879967278552,1.0210777778683005,1,90,0
54,120.4320833942406,14.755513304886744,1,59,0
34,117.74235612451571,60.87571616852868,0,63,0
53,96.93206044289991,37.17765643901829,1,39,0
47,102.02066280921183,102.6058119892912,2,67,0
69,179.1836149460374,36.91773450737608,3,41,0
32,115.65853469259373,13.649396362103756,1,6,1
74,88.56814922468908,57.75578662060366,0,68,1
71,99.34809612553966,42.266958738153114,1,10,0
28,164.01482722788893,19.133716726362827,3,82,0
27,147.02426532657913,151.2221127900838,1,109,0
48,142.4131671292903,91.61275028208462,2,80,0
20,109.69915204360834,3.7505474887596355,2,69,0
35,142.93449880691782,94.09042906924927,2,115,0
42,94.25755500197408,24.552879086500354,1,27,0
73,109.61543874616902,30.225168051015626,0,93,0
74,158.7921794956698,42.95874159656668,1,25,1
26,154.97110715676257,5.182457874624118,0,1,1
68,80.72360616196787,22.322726075271436,0,29,0
23,85.77894188365697,5.533725548560767,2,60,0
60,124.3480861125364,16.945913015080205,1,8,0
66,189.0452949867804,3.017469148939192,2,34,0
68,43.37739342124023,18.57133127783303,2,6,0
30,131.13331758282018,6.188309998313824,0,29,0
68,64.95826673707407,21.571028547298557,1,86,0
24,94.62676025897818,31.76944242112219,0,19,0
47,105.42286327743034,85.6117654956293,3,32,0
44,103.17966626252436,27.402367259085207,3,17,0
36,98.64816241363167,32.818518272447335,2,46,0
19,120.28828241505481,0.532639047480095,5,91,0
62,98.58977733477687,28.86474101140378,0,64,0
37,61.50170460583389,16.14422312770731,3,24,0
55,151.19478450091106,26.7248208000405,1,39,0
41,150.1148866859552,7.938073684355356,0,80,0
39,153.72697240090676,16.18647586778313,0,57,0
68,58.370620149436725,63.642217079597366,0,55,0
23,131.95672610336604,28.764742516901737,2,103,0
59,147.03915423227693,49.80018446787136,1,98,0
60,78.7519172624166,21.024563433360186,1,30,0
39,120.36692992728517,4.191964878686354,0,84,0
32,115.34933418758537,0.012871098938001748,1,95,0
18,193.68602634273054,20.581522938061532,0,108,0
71,196.97984148050293,24.95476114768374,0,32,0
72,53.425744266791966,11.381036752424516,1,87,0
31,219.7570802291196,23.776881395979505,1,23,0
19,83.39097115386704,45.96531461186712,0,53,0
24,159.22693177309702,16.96509848759649,2,9,1
21,158.81991923454922,37.45023934136492,1,72,0
65,80.17239092632772,93.41516296616794,1,82,0
68,139.73071175356395,52.89425078568328,2,54,0
26,115.69865022935744,14.750274994934765,0,49,0
60,142.17320018529563,7.809580716265331,3,29,0
28,129.22689209522503,24.16460440825541,0,92,0
38,167.85357941480987,59.80560797793367,1,109,0
52,123.0159817258425,33.292453842852346,1,16,0
59,113.28503722294755,80.94501195296975,1,33,0
67,163.8425693222872,85.70936197627856,4,72,0
20,143.21583859434412,19.9802699690475,1,44,0
29,149.2725357728355,45.915269551673546,3,2,0
33,93.41653310965613,20.231015308395783,4,3,0
35,78.18948874406104,0.059370902461814805,3,28,0
74,97.29111426989193,168.32696459900018,3,116,0
62,95.16714457277645,27.20734259506826,2,73,0
36,151.44797074611657,19.618923968898162,2,31,1
73,159.03936201176208,2.727699258599184,1,7,0
46,113.79478841870399,8.950379588623894,3,90,0
46,177.23676075297408,9.675752778954687,0,45,0
42,174.73877575060519,36.923665801519924,1,47,0
26,129.73595665602156,63.6577882439387,1,67,0
71,87.1243291382784,2.267778257037073,1,28,0
18,183.0150659774216,30.41767293375201,2,87,0
27,117.55930595886367,2.8689885255491934,1,38,0
31,125.04660785723898,12.257674183928152,3,84,0
33,106.41579897573726,156.17923966239752,2,62,0
25,84.4083869481121,29.953469788089702,1,18,0
19,61.25442278738832,21.065969305197136,3,75,0
56,145.31473294229153,65.82901352120356,0,9,0
73,88.66395784413518,36.54084283435444,3,86,0
24,242.38124915987294,8.763886503777263,0,45,0
34,76.55705669550085,24.866581311464795,3,80,0
46,69.7047010007452,25.677413991600712,1,29,0
70,140.40554862453763,25.98316925543541,1,49,0
57,181.17253915869182,12.247397130590137,1,37,0
61,122.58358627772887,32.45057487834869,1,30,0
51,142.88969680749096,16.99317791728026,1,41,0
41,46.258103301651616,75.10358072861182,2,7,0
29,92.89953817232933,9.447714817842769,0,48,0
67,77.05537083449732,33.48233781392826,1,15,1
63,44.19816600208476,31.93136098609112,1,62,1
19,124.67920936095548,13.98866159704879,3,11,0
58,30.286895135582654,6.243279578136121,3,2,0
22,67.11216135650204,2.718025253990148,3,53,0
60,98.51224823946328,30.57315032417643,1,36,0
65,86.74856656195695,16.33363618963427,2,105,0
25,135.8563400882827,18.984655135854318,1,32,0
42,132.2232076760992,15.032545844701875,1,48,0
25,155.75194983741827,4.147674648902155,3,29,0
50,150.09534930850714,18.28388909259184,2,106,0
70,165.63251157445524,0.4555639363223242,1,94,0
22,119.92326399963784,13.776428229003287,3,21,0
40,132.13867603266678,21.841216927617,0,30,0
73,140.46054807676765,71.04340699337213,1,23,0
35,125.66626789564103,4.128642909487887,1,18,0
25,104.11222760331705,27.052368539378342,2,29,0
45,106.70229862640919,13.073824378133871,1,102,0
46,87.29766406680139,48.91609729377616,2,55,0
55,136.8646731963932,8.036086675071985,2,46,0
35,116.23939303659378,15.773707293891903,2,23,0
72,93.4730499745294,37.45962525992489,0,22,0
47,93.5102072270163,12.332420560663426,0,67,0
34,71.58405088868847,47.48465671802543,2,90,0
72,159.15365364948798,2.001486616839107,2,67,0
70,123.14470678127151,8.461707704150207,3,79,0
46,85.48799921706919,0.7258897236930288,0,32,0
19,152.34190998408073,39.19608992181607,1,113,0
52,97.58204760822508,15.503487887599615,2,98,0
49,63.73997491951069,26.129961511030967,1,105,0
26,160.8488915687653,2.680119740738285,4,80,0
54,98.51612041735548,25.333563177006152,0,83,0
65,103.64403639164843,9.48586859363601,4,9,0
24,121.6472008139671,31.63207272549667,2,20,0
59,165.70356891160458,10.43007535142976,1,16,0
25,120.80149163465246,14.379452071188501,2,58,0
60,72.0353149541908,15.45483191710942,1,70,0
41,141.7550801644872,167.57844104445104,2,15,0
18,100.60041102953105,59.22891769056988,1,90,0
73,195.51695886117864,0.5569865244148239,1,66,0
27,119.9552111200844,12.260550761045359,1,71,0
51,30.598580084053353,65.12792005470342,2,110,0
28,134.29459888622696,25.793816967192704,1,70,0
71,197.78391169040913,38.43125491810529,3,1,0
60,183.03681154181558,7.383262863473014,3,92,0
63,193.23817155026262,2.7817687916214675,2,105,0
42,79.20959258474146,8.778451004141843,3,10,0
44,156.48609583907114,95.25326822219569,3,65,0
54,91.12021841053154,24.599750096008513,3,56,1
62,128.97157597667697,16.209076790032924,1,18,0
66,69.0819028504107,29.856356967971905,0,33,1
19,94.22176940469134,33.9506825779267,2,102,0
55,92.9501321054554,34.13429797285405,6,47,0
24,155.94221120570467,12.337873497305127,1,64,0
34,152.02876486678622,147.9480269967648,2,93,1
65,131.07278917323282,7.528669961686217,1,54,0
32,65.98314327778458,62.50602013725515,4,107,0
63,107.53442264201121,16.54177053012431,1,60,0
44,90.15534068229096,25.995122377525195,2,118,0
31,154.78703026777964,29.50576851230552,0,18,0
37,167.1273941126874,5.306072620601205,1,106,0
48,162.25542344123534,9.82442166291418,1,14,0
61,89.79122322331918,32.07329637001533,4,97,0
52,10.418675108420828,50.911168863063075,3,79,0
71,49.32152407479782,26.400202228841934,0,67,0
67,176.86507912328835,72.84094892237147,2,105,0
60,103.94980242720705,17.88046795291444,1,77,0
52,89.97101526939551,13.970637291602003,1,83,0
34,185.70641173744934,52.56939944668765,1,90,0
41,170.60639781953307,1.2734946215214058,1,101,0
24,120.97794887679147,50.58548364531964,1,28,0
39,108.26387635744105,8.80239156346737,3,101,0
70,114.715951487475,29.00070209173227,0,71,0
42,129.08651193549863,0.4966906757199022,6,4,0
24,184.00189125278433,11.806059926485213,4,110,0
55,136.89869696948907,85.91973758408628,1,92,0
72,149.04116132156565,35.910317830911595,2,107,0
67,166.77080436280687,10.023854281552829,2,92,0
33,73.21295995902324,5.948751594913981,1,42,0
43,150.19447569896172,15.343896172315759,3,42,0
48,108.21724981353555,7.134237802333591,1,33,0
32,19.356192169089354,64.66665843409497,2,49,0
33,34.87321832056752,31.11504231593775,3,5,0
31,79.27529553925257,30.531984146957424,5,89,0
74,141.24892914370326,68.67589130895675,3,90,0
60,124.55198261361186,29.879120820266174,3,118,0
65,127.37466828702657,151.34612929379435,1,66,1
64,198.0377393074677,13.311102929411906,1,118,0
72,69.23641540560752,28.37977867237004,0,25,0
24,118.90266583265105,8.111787355193913,0,57,0
68,132.17742091255263,23.505585161894516,0,94,0
21,90.54907533846658,16.942340361684604,0,94,0
45,121.13306980331764,5.912619849051739,2,93,0
51,56.002026636626205,9.426366263618263,4,56,0
38,176.39624869100112,13.29004937198598,3,9,0
26,92.73541789878266,21.350433243443145,1,104,0
28,201.25600659114014,36.26740945486062,1,46,0
65,118.70102704330179,12.53399241742904,2,78,0
36,161.12214261596733,7.70559809588473,0,16,0
35,117.86788524035383,59.36246424398179,1,112,0
70,118.77024670957881,83.3849733926147,2,31,0
26,96.63882667111969,18.20701865475009,0,119,0
70,124.7649571746511,18.15007021816119,1,86,0
70,132.7199477765619,1.85944146447474,3,40,0
52,88.62965964339281,9.551946338493574,0,44,0
27,114.99822336560463,8.57355305571409,2,117,0
26,95.59604535771545,25.135478742820972,2,71,0
34,211.98656278459356,4.1054632239947,1,83,0
50,116.41076920353525,12.047692064981309,3,73,0
26,181.8092860678624,38.61446455050005,0,29,0
43,112.17510676769247,33.73927697226556,3,16,0
24,130.37150566139633,10.691172105342348,1,1,0
48,67.14543713418922,4.279755045271135,1,49,0
19,102.11709632528542,11.62904989443168,1,82,0
58,128.42138683156986,21.344050625511695,1,36,0
21,183.44015323839466,23.17601314702708,1,27,0
29,128.87931110705085,2.8982983361736783,1,47,0
27,175.34881444771997,13.928154697115533,2,28,0
65,145.62916440811682,55.885501127374305,2,52,0
21,185.09605357858743,86.92221201519031,5,66,1
42,117.63831130779778,89.073095204552,2,33,0
51,215.60890842607216,2.5819124188537264,2,4,0
47,100.58415188343508,78.97946236309478,4,13,0
56,89.34152663209323,47.716256211663776,3,50,0
63,71.59788601243864,31.25702930911602,2,22,0
40,213.2409868623228,19.8060595038884,3,96,0
65,152.77790290471592,8.271343947132138,3,20,0
36,106.63517066478767,26.774781162364096,2,4,0
74,169.9609078749398,3.763814966805708,1,74,0
46,147.50768740471128,1.8930913504458942,4,75,0
59,198.6450988550236,75.47178439027091,2,80,1
67,58.086686690403546,8.382129228578775,2,19,0
63,109.38559566742981,69.80402895467621,1,81,0
66,101.49914464228698,5.3620687724770635,3,103,0
48,41.05269294365594,9.005635319763508,1,72,0
20,162.41308819118777,6.2275743456623625,1,47,0
46,109.18413776786566,16.290975630706406,2,58,0
28,149.58524819946248,58.33909687089912,5,97,0
68,214.39087737318448,70.60572265022378,2,18,0
31,105.87025232689567,20.06113656115593,5,87,0
30,103.1538806937138,33.25005285130138,2,33,0
32,124.74656678895984,3.055395682329941,0,105,0
54,159.48989411933638,2.7885236088893137,2,17,0
50,97.33147898759401,49.823175305904336,1,62,0
72,94.76153611471477,15.619713678568765,2,48,0
41,162.28757080965465,42.52816617336019,1,58,0
34,135.14557295352142,16.2057181994758,1,46,0
20,38.21086947980717,23.170719263098743,4,5,0
18,70.98432802123568,29.16104329638155,2,103,0
39,180.04943455308842,18.359607637327603,1,64,0
70,136.0771313231525,15.106690968301898,1,72,0
47,89.51216275851004,15.000942615336179,0,63,0
68,113.18361371060071,4.405010611605643,3,63,0
23,120.52946691206681,36.309919130352895,0,73,0
23,149.42933441120655,4.953840913609266,0,50,0
65,65.66946420564842,7.022820266788915,0,16,1
24,86.36203445318168,16.319656644110136,1,4,0
20,130.91823019453557,16.499167923007597,1,65,0
41,116.00661678018199,14.372056371420507,2,23,1
70,142.8743673054684,52.267811210928095,2,55,0
57,70.8197041056161,10.66124491568753,1,73,1
23,134.28514705085286,62.62592907970023,2,71,0
65,163.6633447750989,26.650364446314835,1,21,0
66,139.47274188597135,24.43563084978632,3,79,0
63,125.56446959046367,28.467774033103133,0,112,0
69,116.16465589736117,7.051784478881944,4,44,1
31,86.60595388913993,27.606927745704425,5,15,0
73,117.12005630240846,49.467228691838805,2,60,0
36,170.38823411521622,33.88827584117481,2,74,0
63,115.23885973599499,2.874496444487311,0,48,0
51,84.40784042606359,14.285326483092788,3,72,0
62,100.31011644938455,0.8152528998608001,1,92,0
53,128.0340118910372,13.412545804817741,1,69,0
54,105.05944011276613,4.662213836127704,2,95,0
53,139.41213132252562,18.47090937597136,3,18,0
62,140.91375042996123,0.9706309549452448,1,35,0
60,155.55932721618592,81.84531481399222,3,67,0
25,176.94237889060133,11.756395443135261,2,31,0
65,159.83434897489443,43.259949357033804,2,119,0
48,82.63043743408161,7.461064206231603,1,81,0
36,83.85862213694911,38.13987397757198,0,50,0
47,116.96914094160702,12.881261061361847,3,93,0
73,101.95298571042342,28.76364672882034,3,118,0
66,74.4669309215623,82.26594866034121,3,2,0
65,102.33232823308023,32.68869238699759,2,67,0
44,101.01948265523845,4.278637143245978,0,51,0
62,93.12609040955176,67.292314408707,1,90,0
39,107.36842055379978,39.69164105759755,1,37,0
57,167.13803401273324,58.8481077109329,0,39,0
54,127.96952164996956,68.25004660595013,0,92,0
32,218.87236304221878,9.094390620523043,0,106,0
33,126.82032744078597,11.975436618944626,0,18,0
21,108.39736904250992,43.07519344638912,2,74,0
25,120.16531530619464,1.730396231518787,2,93,0
42,130.2596791377416,11.366437178243581,1,20,1
45,137.41015828684255,12.97271820480052,1,79,0
27,203.06845303436094,60.422116724601445,0,117,0
41,86.18718140089726,85.46047012480732,3,101,0
52,154.36184232710943,4.766624093275719,2,24,1
31,128.31002390456496,20.643798272383112,2,118,0
37,57.1560902971753,39.371890287787565,1,43,0
38,150.82795128379053,12.538396285753322,1,57,0
46,170.7049424321562,22.795275010883202,0,35,0
38,85.71294384890281,7.810587555986933,2,84,0
60,119.64264528432118,43.63604770404764,6,15,0
36,50.98582951969186,42.609312768869685,1,85,0
42,69.64774161262653,16.885588432290994,0,7,0
39,161.9211831046901,12.906794978183328,1,101,0
28,101.34333975970262,9.261657277144348,3,39,0
57,75.64788100247843,2.230041855095123,2,62,0
31,129.1784145783372,24.325812623325998,0,28,0
34,99.10350274275908,62.377581781261526,2,13,0
63,101.16713368897855,3.895609245332713,1,3,0
72,149.57304102699612,15.825572526501643,2,117,0
56,73.53066564262613,63.99083540497645,2,17,0
70,83.78539149272672,50.473731766091525,1,7,0
66,126.16319968595475,38.893169233641586,0,62,0
45,158.7763916299282,0.4782032428672931,1,115,0
61,169.52641205959398,33.71393075071543,2,10,0
36,93.39753118553509,10.625353264136027,3,31,0
44,157.4950786767859,42.99113534644941,2,67,0
48,88.63430826118365,7.557483571414572,0,59,0
72,193.048373876272,0.09681826002902157,0,18,0
66,74.64915898321087,21.045323062001486,1,114,0
45,173.13915243166923,10.220930091751018,3,43,0
55,93.74055572725105,26.408519684293793,0,81,0
29,200.529858191784,9.790231380122643,2,55,0
63,143.65282915409938,44.879851464219506,1,70,0
49,79.35933882367112,20.71550690673711,1,108,0
48,99.11046081829973,8.775461662020438,0,39,0
61,151.24724820894966,37.88407258102994,2,97,1
54,162.10577670462246,71.44902639092858,3,35,0
22,117.17137633102149,68.33623741873265,1,38,0
34,121.78633123853865,114.20068574775566,2,4,0
28,150.3341213057626,35.37110151855186,0,42,0
59,125.27193708043279,28.429710955496866,1,70,0
20,68.25980562646497,2.3554342391564416,0,77,0
29,87.48103901439278,7.591999144014471,1,52,0
52,129.4047977260666,10.88689495263159,3,43,1
57,168.61929665990775,23.116329508142474,2,27,0
46,184.6392969664819,51.8086905079339,2,108,0
67,151.18117683085802,18.26044201251152,1,46,0
70,131.49163044145456,8.617247072804334,1,37,1
25,149.9525554392991,14.969899791672084,3,112,0
72,93.32996599172577,1.0882044769698886,2,76,0
53,113.87076158967143,9.127264072219605,0,101,0
54,87.03477114642094,1.2864401459745562,2,47,0
23,70.05029557169154,21.88354484684855,0,52,0
53,133.3419604654482,78.64557179213926,0,87,0
59,127.42053226338975,16.352496786409024,0,117,0
51,147.50609938036052,42.10776623336106,2,94,0
22,141.84447323569788,34.953743312235595,1,55,0
47,129.7057708529545,29.03326749813396,3,72,0
71,142.26466662710217,53.92854628576552,1,42,0
59,118.29267615090093,25.34432106981381,1,55,0
25,136.515655808896,29.2594162777593,2,47,0
72,90.95422389254561,12.479144798046438,4,12,1
72,134.7882370255652,40.75217617416292,2,105,0
27,146.73670741144036,6.402364836984979,2,17,0
63,93.21274287711188,37.51081375300377,4,32,1
41,122.07328395971388,115.37519236271375,1,31,0
51,95.05589961482562,9.051887661086695,5,27,0
43,98.9397321393554,40.6597051223221,2,60,0
62,75.00282579591382,42.2782338985235,0,115,0
74,170.63099700666223,2.2438132388445986,0,40,0
63,162.6274069888019,33.61705061330448,1,88,0
71,141.49735416909348,21.514861907703374,1,88,0
71,198.88783807775258,19.00703082382217,5,91,0
23,112.43017213726434,62.54719845840793,0,75,0
32,241.27049660442538,11.568552413357265,0,89,0
59,110.89882338547119,115.57078623552445,0,91,0
51,130.20773407024066,21.36035264809318,1,82,0
20,104.08888344239168,2.4014781414128143,2,67,0
23,134.8930224024122,2.8617501657410314,7,11,0
47,153.42459711544979,51.72147421191135,2,61,0
53,115.44334427787665,43.569984736751266,0,90,0
27,191.06879388470483,36.07408731025582,0,41,0
27,129.56597138533843,2.7360041332803027,1,30,0
25,130.81941544440798,30.286039513138537,2,71,0
50,83.6400922194513,165.77626703485618,1,16,0
18,136.73996298201538,43.0564629450957,1,86,0
50,114.63891116762538,8.61841023373987,1,117,0
45,95.67041082650853,44.87601604973573,5,58,0
44,88.94102367406545,2.1370494691753947,0,4,0
56,226.8705351902674,10.963765817508206,3,33,0
47,109.46090999283858,71.534768209226,1,4,0
59,61.720583168749286,46.43247537790908,1,55,0
61,92.0711416106971,45.06258118641633,1,37,0
70,117.93728642095145,31.679726329919525,0,93,0
63,141.8666813046594,60.83233036190751,1,101,0
47,142.19186086901254,10.305077517604978,1,52,0
46,147.064582071061,82.86763034017035,2,117,0
31,94.20558773450682,46.583212628367704,1,54,0
52,133.6176177400618,2.6516575360916166,4,15,0
25,84.95762143557687,50.31056621753452,1,109,0
71,95.21428067943953,25.09393529713633,1,48,0
66,83.29164101998961,24.558491244490853,1,106,0
24,72.46444581606923,51.10424025536369,5,88,0
62,162.56837955432036,13.337038870564283,1,112,0
24,147.5444680391555,2.3744755308178145,3,77,0
59,159.0666147991252,97.1973776433304,1,71,0
22,121.57252264097185,97.19232292445935,2,28,0
45,151.07230795460586,44.79099192029119,2,34,0
55,49.548423814298204,46.30470854791039,0,40,0
59,154.5235007218142,48.50269186339075,5,37,0
41,127.0847932002012,147.76925584163325,3,71,0
70,145.08438400596663,2.702703273034052,0,104,0
62,135.20093196194452,1.5487419830308793,0,5,0
29,80.51779381852454,9.552543685996358,2,74,0
56,60.078408984358134,27.099355680223837,3,91,0
59,91.51783335268146,43.1371640286695,4,53,0
37,142.59669125091648,22.06941281649524,0,33,0
60,147.6036566070158,33.55710533821273,2,52,0
69,65.28230890472548,17.941767250999636,3,99,0
64,80.75602530127142,19.28150260371839,2,109,0
61,91.07057256236644,13.78922962831009,0,82,0
54,105.70779758932737,27.954228429625417,2,58,0
33,65.5179667658939,3.997117183111314,1,77,0
63,63.1179293543947,2.5293124461697456,2,81,0
38,87.12658814369784,20.811712897916166,0,92,0
48,123.45015344900023,13.120370081730563,1,18,0
35,72.77622640986039,13.243036968044356,1,9,0
35,115.36785960112935,69.53101085521672,0,42,0
26,162.34211264567261,165.7008220747539,1,31,0
72,67.9288105034596,28.82631810939781,3,74,0
26,111.74216966357842,5.209098545556311,2,63,0
22,160.9902693500309,45.97388214356889,5,110,0
71,103.26926438544763,24.577620575322154,1,93,0
49,97.05321236566324,42.63838812152879,4,18,0
42,166.53983257225894,30.171033111095227,1,102,0
60,107.75191684113808,3.508786759412412,2,92,0
39,164.1798010082227,31.82986185737336,2,46,0
25,137.15861564508796,31.027592075692493,3,7,0
59,106.28621388360654,108.75344847929136,0,95,0
28,139.1876212239012,71.85661651176697,0,23,0
49,132.81798055384152,130.4991047296483,1,27,0
72,160.83531284009896,85.61365057877956,2,56,1
71,98.06617848539926,3.669580802829284,2,10,0
38,121.64824267126478,1.982432208852555,1,48,0
62,117.5393728158145,62.70696247959907,2,30,0
52,148.1659256655914,45.67674019742215,2,7,0
45,78.99283222223298,2.905159012067315,2,108,0
25,160.67908192951424,4.279494711730727,2,32,0
39,138.65315088681666,37.94509364532877,3,65,0
55,67.32299705468215,17.846642474736754,0,98,0
74,168.33051301922,40.83388674701796,2,58,0
18,209.36372323190926,12.865106758958454,2,35,0
58,160.0733587819763,8.634151678500846,3,89,0
66,177.07939068905876,98.17822832785754,3,83,0
72,123.41485526410352,11.902102122735693,3,2,1
42,53.539803210459596,71.92552846329855,1,98,0
24,46.235181953299005,11.61937644975945,3,15,0
33,130.20328175471033,0.09844648393895801,1,88,0
66,96.3208476908008,0.39381355646509364,1,12,0
68,83.41694886690595,21.148204730029352,2,8,0
54,117.49013264125298,36.12323794984896,0,15,0
24,144.62341151445153,3.143209730577357,1,89,0
24,61.889698129514116,14.280605784925633,1,54,0
45,102.04489518878461,16.763181079798606,1,72,0
51,180.3948273248126,16.484800759995814,2,34,0
19,76.98846479114502,46.98021827400885,1,15,0
57,154.79044748659825,14.7069987502017,1,94,0
49,100.61076953804024,26.441689978752287,1,100,0
18,141.8317503939981,24.24452121995609,2,100,0
23,163.89310028811468,14.587483146639435,1,8,0
43,149.65127067940085,4.01852902053854,3,111,0
59,156.36638408855507,10.396108495091108,5,65,0
65,73.93625866368176,0.10926197874072392,2,24,0
42,164.54638826965194,17.445793738912233,2,24,0
34,85.89227541460721,34.3335669674118,1,60,0
73,130.38167062286155,28.808886336043436,0,72,0
44,130.32984747988908,62.900260431167126,3,6,0
35,139.40490235478325,24.721407281838495,1,60,0
43,133.47826704240762,8.712714104753744,2,29,0
18,86.24760085901107,7.89644623802017,0,110,0
35,66.00530350817135,39.163108845115,0,74,0
47,154.89394719847076,3.533436128922971,3,45,0
70,127.43338310075663,3.1737315666138093,1,51,0
60,165.97507363831272,95.75673864329502,1,100,0
62,118.21068263248529,20.22165296898003,4,83,0
49,63.793425572921585,19.106913885850688,2,47,1
24,158.64518724016426,30.421318793758346,2,100,0
40,105.18517561355571,69.64027090319087,2,74,0
74,133.68013829684085,54.176751847648404,1,8,0
20,94.10162286081923,20.028537460201377,0,76,0
68,185.77206840934764,39.79097611856022,0,112,0
57,84.93740703267213,20.29059656101747,1,103,0
34,106.50280983575301,67.69737317283216,1,6,0
62,124.29794810789265,33.570968513231755,0,105,0
65,76.31270691652168,27.75686997433387,0,117,0
20,133.2207811435038,29.035708827513382,1,20,0
24,184.4764190986996,4.023551279888187,0,76,0
55,100.38151357225158,69.65759509946183,3,90,0
74,135.805712761269,90.91474006500546,3,6,0
19,10.02258455845778,6.040295511345979,1,99,0
55,118.44283198060637,1.5614497836599033,1,47,0
25,107.47830856295178,16.312481163690478,1,36,0
55,87.2600959035846,14.575336491987853,0,31,0
53,163.25801878514127,27.717945773143267,0,61,0
23,106.95025273504687,6.338257263457024,1,96,0
56,112.9009005162565,11.936726640461778,1,98,0
69,104.91228500843715,21.016014698109565,4,27,0
67,43.32736512939694,3.0687836965871775,3,99,0
19,74.72054239692156,6.086170474805411,1,99,0
32,158.44373944480864,42.06341721184029,1,8,0
31,35.60197412480113,3.5132380425926972,0,38,0
43,89.34738601537177,92.24859262573234,4,2,1
26,104.01119774840944,32.85634749253122,2,118,0
66,189.74487469166263,59.67790501745948,0,57,0
62,150.74415061985476,5.75368462663395,3,33,0
64,97.71317891787602,12.209397242185819,0,107,0
29,172.18054788462206,50.15162054088855,0,82,0
18,90.37936717995521,17.984817636067508,2,112,0
69,160.36399214936023,121.15233000825681,0,96,0
34,65.64491016307937,39.85461467245928,1,114,0
55,162.9303132715663,134.58719017503154,2,26,0
69,103.75465418116057,8.294054667859994,2,25,1
20,78.85983036234921,81.88013356360948,2,10,0
18,111.31425547694744,4.648302063023718,0,41,0
18,131.09376718880858,53.86238261027314,0,66,0
26,100.21006277897152,25.85310914514264,1,68,0
20,142.15814023981295,0.8051639687634191,2,81,0
64,96.6802446534373,0.45620817012006054,2,88,0
52,144.8148957572543,37.525092050048066,0,98,0
73,137.688882481464,7.120132635836509,3,62,0
63,117.5630778116826,6.1196423429034645,1,33,0
72,102.34470750536201,85.88403452324293,0,53,0
31,126.06163183061065,4.58288185507259,1,104,0
34,142.01014972134797,16.40653164451256,1,98,0
66,202.47196610926434,10.563867239647584,1,109,0
31,157.57681687192724,49.22045359700709,1,65,0
21,159.03959799263365,61.784880882736424,3,93,0
56,243.54048779441135,17.216936751542782,2,50,0
63,140.63833907071376,40.6875812098953,2,1,0
73,139.3857404524681,6.240601377448778,3,89,0
70,148.16060297286617,71.62213276773481,2,11,0
24,79.64136089646988,1.623063424588829,2,76,0
62,102.24393454324975,54.37999109688782,1,119,0
66,99.75322933230665,23.17168008775555,0,4,0
57,145.90455908878246,25.308101727799915,4,88,0
64,113.03301751115205,47.41933651158245,4,104,0
65,125.52893701897212,8.593224968656573,1,75,0
43,163.4981848059386,30.25261418379696,2,83,0
20,154.52602954816555,22.01714673114041,2,108,0
44,113.53115987835012,28.195548124771204,6,93,0
29,93.2001961248711,15.18619475834998,3,5,1
24,165.41098926612756,3.219990005005239,0,93,0
25,150.95564723639464,66.21467537600412,3,91,0
57,55.749727268184714,25.76035895126886,0,28,0
46,107.47384244366877,13.868414252856113,2,78,0
48,126.6206184806705,37.80526285513122,0,101,0
60,151.15318868484127,6.776579940554933,2,101,0
49,156.40405979759083,87.82785424430078,0,104,0
53,131.35624004701893,3.1422273791142827,2,93,0
22,143.40990125435422,24.827731257368278,1,15,0
66,122.56547209512614,91.03841119779663,2,58,0
43,93.04593247277758,91.86493741340408,2,28,0
26,109.54942435834984,8.736119943785395,1,9,0
64,120.75964746560433,1.8271954485604023,3,32,0
59,118.6128299992564,16.26259994626869,3,109,0
21,44.57708382226117,6.189164562696512,2,72,0
29,104.10066660282276,18.19003282602427,2,91,0
18,122.24822612356607,6.91678542150373,0,60,0
33,108.74520032377197,1.0209917566039863,1,43,0
23,110.12704817953657,8.85127173920962,1,58,0
58,139.5196548321835,95.12994942191251,2,118,0
47,76.84171251805465,3.965578942301936,1,35,0
73,54.87831144195155,9.891511246725216,3,38,0
60,106.07320836653301,16.152719266713433,2,101,0
52,150.5645762200716,38.70366407075138,3,45,0
47,187.50212157946555,55.47533273575539,5,108,0
21,151.2851295637896,25.495780704320666,2,116,0
22,61.26944960524611,90.16671339942991,0,8,0
53,110.70531042492915,6.946041443471817,3,80,0
18,130.2653752432612,61.01348093751989,0,12,0
20,127.10364467694369,18.41038963634354,1,105,0
30,141.57218211771496,40.273976336249866,1,14,0
68,83.31804214156958,3.7743476907121956,2,106,0
44,122.59772350202971,24.330940442534082,3,92,0
58,136.81291319104517,31.89378375782961,1,64,0
41,153.0268381321464,45.483506614485144,2,25,0
27,87.77127333548832,161.2064134566121,1,32,0
39,106.19372531028408,79.50337825306673,1,52,0
23,11.847292797066387,18.907453211115165,1,101,0
61,95.14152129688904,12.232289338128396,1,107,0
28,99.02340428115828,14.87263284432602,4,60,0
39,79.21661967330228,108.41021174694237,1,28,0
73,126.62448600930607,7.089018917022325,2,68,0
51,117.76218271818927,122.84777328070217,0,99,0
44,29.631444896895545,40.579637594496006,2,65,0
48,128.62031877207025,13.618279144253593,1,106,0
62,82.86703476843891,65.09402233379778,1,2,0
32,139.4275583676206,11.437066968849388,3,60,0
54,68.72595009085339,38.89710422612959,1,6,1
67,121.20026154123761,17.108121561825698,2,73,0
50,108.67346684453976,22.240685111841042,1,74,0
43,132.12407539801322,42.471561467888755,0,38,0
26,124.98789110605388,32.04635126791701,2,95,0
32,109.79343299914183,0.621654293079715,1,114,0
71,58.54910743823021,14.769681124547633,0,55,0
48,60.911681461558736,20.309853190952335,2,52,0
35,96.64452243631123,6.199489187066401,3,23,0
41,119.66880464281653,31.986716523766596,0,4,0
50,95.67008211203532,16.923660524527772,1,49,0
48,145.00847722317863,38.967896967139986,2,53,0
57,108.83116323153266,0.18133976148524988,0,92,0
32,81.39949100881958,87.97279722874022,1,103,0
55,108.87614828048362,9.615956280668318,0,13,0
43,129.0343934526621,15.702771676631807,4,19,0
71,132.9953887529834,16.729711374093288,2,67,0
27,195.1351652797252,9.367507936988194,2,45,0
26,93.24362639986322,16.729428333566723,1,84,0
44,117.06085353638399,17.981773229226327,0,39,0
46,137.04495787277705,0.08337224675885495,0,50,0
57,119.06308163196739,13.30202532992805,1,53,0
41,99.97527416045386,1.1760928882636394,1,72,0
70,58.02971294623026,36.17022746785368,0,9,0
45,99.56661763787938,32.34239915906934,0,106,0
25,77.05190349128796,27.21059616125481,1,41,0
24,50.93573275504886,21.07380845456001,2,26,0
73,88.17284633317655,23.659959185068875,2,77,0
25,78.11633116934182,67.6319863659884,2,17,1
72,143.3514618117179,7.049560204724353,1,71,0
33,144.04367349657176,26.41932568567106,3,8,0
23,83.84482841676501,122.76583218296504,2,32,0
35,109.59085477747516,17.984131025605922,1,87,0
53,45.670293515498585,7.4070802329516034,0,45,0
42,100.22640199269223,13.30843878139094,0,108,0
62,135.95927602809383,15.11204505701103,1,43,0
52,152.9975155845641,16.328663587665275,1,83,0
40,91.47811673234744,4.551856237223868,2,4,0
54,162.0741944211008,21.717017181939635,0,117,0
73,59.37232313946113,32.941352197803454,1,74,0
41,70.0948880342483,3.4718681709199357,2,85,0
26,148.38647462551506,6.11785444372771,0,39,0
41,186.84484914252988,13.512557655777556,3,35,0
65,139.73727952734782,31.50730969835772,2,52,0
30,118.38630453863951,7.011523976474109,2,31,0
72,32.19265013911166,13.181488291806467,1,3,0
51,39.10211775826083,48.81064022264884,1,80,0
52,125.17638147583476,83.44348258029984,1,86,0
36,105.67749321715301,10.733951724832972,2,81,1
70,75.76659271391529,6.723252115213927,1,66,0
20,122.62130323320203,12.135740987281984,2,63,0
35,124.60525470031239,30.850415656567865,3,118,1
41,157.7766347416109,2.6018029326522005,1,63,0
45,125.46409132050803,0.9509021280045933,4,84,0
45,169.1357747333754,119.68088715041783,2,50,0
26,120.31976118195253,1.6935442956135753,4,4,0
30,115.38660020770655,27.689901666881582,1,42,0
23,162.5724874498873,56.98809046827541,1,86,0
50,80.86236479834261,14.732557148480199,1,76,0
37,232.57789813064647,0.44933869742568466,0,83,0
50,135.01029912666942,34.636327735013445,0,89,0
51,135.23317011350693,3.8709073639662903,1,26,0
58,141.0038389589039,5.118774606503116,0,97,0
49,195.08545901326568,21.870086187272914,0,86,0
54,151.70029646690426,22.126771241863885,2,37,0
51,55.79776083984305,94.7749954433369,1,60,0
55,176.1388153907002,1.9115575815918697,0,103,0
53,106.36413682219931,15.13385198413941,1,20,0
36,124.28620291357294,83.1405951036179,0,37,0
32,68.82984111298934,3.2604749508531845,0,23,1
62,141.04808072495584,49.647998898537764,2,37,0
37,93.9450283972979,4.141939404881352,3,25,0
49,124.00678551973895,18.58694048092197,4,96,0
29,108.63603978556868,32.29651226515797,2,118,0
42,197.00051206943408,8.013306798466967,0,116,0
48,199.29041200582358,7.031239955566809,1,43,0
53,121.86052680858965,22.10564373450642,3,111,0
48,122.5591084547542,10.218502096613964,3,10,0
38,105.0622813460194,51.580266744582396,0,14,0
72,164.24025166011145,33.58275355854185,0,39,0
47,106.84320518666492,0.49295330791071507,0,35,1
64,103.14650901417203,8.466557156938613,1,110,0
59,159.14371454659857,13.080342260322551,0,91,0
49,98.46803618733402,6.828503811882681,1,90,0
68,118.48979862205877,53.75044273179115,0,96,0
25,56.747568739560286,87.64388968961643,3,87,0
70,148.16761380492667,3.7099145131647306,1,61,0
66,197.63467756727476,12.079103174163537,3,7,0
46,148.84901491199167,2.9790198680044084,2,2,0
59,178.4719667018922,5.619331712715306,1,117,0
47,86.15591455290676,60.091914887320435,2,60,0
33,129.45297128112801,8.643685981481157,0,114,0
63,82.27360302522442,34.51681786127579,2,4,1
32,110.88937817674629,14.505388032340134,0,76,0
35,150.8884590941002,68.42007899485762,1,34,0
47,124.07282452413195,3.6686414165209578,2,44,1
65,63.49435909595114,10.298808944039884,1,79,0
39,67.39883577848985,18.988184287282127,0,59,0
46,64.75344274036905,10.61008232631083,1,17,0
20,139.65810359758362,28.85955972195843,2,119,0
24,202.55578142626672,7.933415624271638,2,85,0
21,174.49832976000852,43.31477914630978,2,43,0
22,44.16059203415743,8.294250315804236,1,74,0
67,176.84303752279135,92.22386807340622,1,19,0
65,157.4560166805859,40.40748105615564,3,52,0
64,58.18800217884969,31.924533174569902,1,51,0
21,107.8719353315801,10.570460070102863,1,45,0
22,163.8208964598324,1.4209503874280787,2,58,0
33,142.0173404373914,15.32042465177138,5,109,0
50,67.63619790448058,9.043950068335743,1,1,0
37,144.42968623184777,0.9406108719991542,1,66,0
45,34.49997615677648,29.35923179827302,3,112,0
27,111.08711296971154,48.480395476912705,1,106,0
59,165.51827077600194,11.833950006884447,2,107,0
35,120.73576862285279,1.4202974897586271,2,50,0
21,100.04249800152216,0.7531221782960238,0,68,0
60,155.57385015089397,123.20902185815297,1,71,0
69,158.99007260346326,76.12214443571824,0,100,0
18,172.40158771467802,4.890925096793514,1,114,0
42,154.97369713785548,36.790726064320836,1,31,0
65,163.25499175748587,9.11954760358569,2,15,0
58,149.3163422975014,0.46497598523736416,2,32,0
66,130.62114596465887,20.77241382561876,2,32,0
41,123.58035999055257,10.009126002759867,1,36,0
39,110.50961123610392,6.927815089949993,3,110,0
58,71.50526827761098,13.01564449083674,0,26,0
26,81.78753964720765,6.356402367451924,1,51,0
31,108.71942072259161,6.5762172631149145,4,43,0
52,129.65808638409717,6.94172114960056,0,33,0
56,177.63250392017054,3.186141803373175,2,24,0
24,118.3281108849795,0.9763367379183716,0,119,0
46,160.13905163510657,16.013345856575846,1,75,0
38,163.17262625728483,31.60480047455299,1,13,0
46,110.74212809244835,0.8374278797721869,1,78,0
72,143.78760845480735,32.17103263817565,2,73,0
22,110.25887833100555,18.55252398669066,5,43,0
74,172.88543576313907,0.08273788709907078,1,94,0
43,145.43373353063728,3.534962270205497,3,96,0
62,72.38064981246579,5.055872989125831,2,94,0
42,126.46098608615387,6.362883936035742,2,77,0
35,185.92448647295518,22.626681576906655,2,53,0
61,112.75075861813195,6.008628344362519,1,25,0
57,137.90860120380273,12.56666593717323,1,6,0
26,141.8351535095658,76.62830071220372,0,110,0
58,78.53508403341598,134.18014494011445,3,101,0
60,140.42831796854057,21.63380718256664,2,24,0
40,64.24659391861496,6.73987727931093,1,96,0
70,94.97503574394415,7.292455791439443,1,6,0
54,163.02891869976767,14.813186661706862,1,29,0
37,134.27025161233433,14.238870607143532,0,18,0
18,107.82088769013892,8.019213529386326,0,41,0
56,137.8584408498075,65.98819423707262,0,39,0
29,117.59631008979474,17.709453357684122,3,61,0
61,120.50314009407333,18.354622017665243,1,55,0
47,146.27274106880552,113.07639938906023,1,14,0
44,90.90529037363473,29.02141801139424,1,18,0
27,121.61345622218762,54.050861320030776,0,98,0
58,107.50927221573389,17.692501389501157,1,66,0
27,56.57586501598978,67.05200772145315,0,110,0
41,83.18176975002801,7.972095982316781,1,16,0
65,182.7282578825533,0.2805587927978369,1,37,0
70,135.38893258340937,50.00491648030091,2,19,0
74,67.05646794394443,8.850591441069453,2,110,0
72,58.38582496606357,27.437552385731543,2,19,1
49,115.51344399557664,20.926256017015334,1,96,0
29,182.44746132705927,4.292649902653131,4,23,0
65,112.5296746078259,8.050156782507718,3,87,0
63,172.27998213616064,99.53830709489134,1,55,0
74,134.0772308327463,92.85598468500818,3,116,0
55,138.85001831383573,20.654815499730287,1,9,0
26,66.57117962781723,10.195177597945275,1,39,0
46,157.5009168699903,32.34832813798602,1,87,0
43,106.6027185090557,56.250543461569755,2,109,0
66,154.52369814443634,88.76224012071181,2,65,0
40,87.43320072055548,7.194102258944449,2,12,0
36,127.0819739003965,8.5461875740276,2,75,0
22,134.08011815750527,2.493342922414375,2,57,0
65,113.83866733696534,0.6841154177796244,1,93,0
61,136.18180772344627,10.302570350217836,2,66,0
20,109.34411699229965,2.4874873872129433,1,107,0
42,94.03760987834883,34.576073577625586,2,15,0
45,184.21933531175858,12.62777405092039,1,75,0
44,161.9581146544577,7.171450650720954,3,88,0
70,89.56541019807293,25.424903305233634,3,49,0
26,142.73777222378453,25.62098894287008,1,57,0
35,90.29284581195388,9.267493742552137,0,83,0
28,72.61261425350703,30.219334672974416,1,55,0
31,161.35237765595906,86.25875612285445,5,47,0
69,51.836014974103776,64.06632845997032,1,70,0
71,157.07423654306166,2.2532131870846706,0,96,0
20,109.89110749707766,13.3808143892847,2,17,0
54,111.53813587677885,40.57891784867104,2,105,0
31,136.3900487849316,54.7930589870009,1,24,0
28,143.2479524797701,9.057049670750072,2,12,0
34,86.94627292684368,52.40069135632629,0,22,0
29,148.70902435000255,24.57027106153139,1,10,0
45,124.53482152100894,65.00721916265655,2,114,0
74,69.75780828527847,25.045282942865313,1,35,0
51,113.20502065681043,66.14386555848895,2,93,0
59,175.25116062235702,4.899040293714884,2,22,0
46,187.06379192982786,109.85062132174937,0,63,0
18,148.69393830434709,1.8909476838360877,0,51,0
22,72.3862604732652,47.30353932760302,2,79,0
33,139.62427609823553,3.3542756776091154,1,118,0
31,154.0344361543677,71.6467796637393,1,78,0
65,149.02831933274888,3.3516102593905446,2,84,0
66,151.3981715475167,28.611459871584156,1,32,0
66,134.53052316990124,20.26620421528772,1,15,0
54,117.10350644677825,7.657280965660327,1,11,0
49,95.66530016383926,62.51518061847235,0,36,0
55,44.08257925994015,19.468314620797294,3,67,0
41,133.58567066853402,28.207523694076944,0,8,0
56,127.44211374608754,9.956948945340308,2,32,0
63,142.30303371299266,83.39280612839468,2,76,0
61,66.49825226828423,31.320620224487197,2,104,0
52,145.8006675726024,16.698292494017625,2,118,0
21,202.1818037848311,31.373115313238713,1,29,0
59,123.13800523111645,39.735529469117566,4,13,0
38,117.53338723173837,7.055743780285572,1,69,0
60,132.36009424342805,45.805554159760845,0,112,0
48,201.2934809884135,6.905517550284232,1,50,0
68,79.05408953200435,31.017775239097737,0,108,0
37,128.1282773357562,6.6973934338448515,1,89,0
71,88.01370310809423,6.25991049760182,3,107,0
66,98.11981116620021,22.53370090328228,3,114,0
36,118.01638768472243,10.209414862432817,0,13,0
45,173.89292966454235,0.8643261119767484,1,49,0
48,192.03962402754948,48.87702492391915,5,6,0
61,137.92568578506825,141.37196778762998,1,6,1
57,104.93621107906058,37.79533101264601,3,57,0
66,219.70955466554074,81.15009438100844,2,79,0
39,102.89782074681919,41.57257563644535,2,106,0
46,97.1545634256105,145.9558671420385,0,16,0
42,49.002278216850925,17.282900373353428,1,4,0
69,175.84366276978974,23.19129395158328,3,13,1
35,158.72982369485175,14.164288636700974,0,111,0
51,216.71222144465784,104.7321024300084,1,79,1
24,64.41906591127497,21.11176750661106,2,58,0
66,178.32683229916438,68.42798846994974,2,13,0
39,122.8054207346451,3.547990377310803,0,45,0
37,152.24400867200546,9.45881002756645,5,16,0
51,54.08891435582116,26.59913836382803,1,4,0
46,178.7232729066119,13.176198563980405,3,53,0
66,151.46067005327322,9.809741130394048,1,60,0
48,118.4435986085513,14.690568947944445,2,54,0
47,145.80450750644485,7.0228713411414745,0,104,0
23,89.38018795831003,56.781233768226855,2,109,0
19,96.82239657673202,11.316979781081832,2,15,0
40,101.46221545498415,30.738871361246684,0,33,0
74,45.89088553238888,4.900801326055662,4,60,0
70,154.4703397681347,52.74051836933992,3,48,0
53,167.66374456730264,10.105294263038939,1,52,0
53,91.94623400944633,14.907893316889256,3,85,0
40,133.92812063779274,52.43322348536818,0,22,0
28,109.37838101483055,8.207009301691052,3,99,0
18,133.13095848324122,54.9031146386963,1,32,0
37,94.89691035155883,9.72481346550135,2,42,0
36,84.66299375649456,12.995029773686891,2,27,0
28,162.0829954409497,67.81273122475504,0,76,0
32,117.4451765950203,4.115426427465659,2,83,0
19,200.88435803413904,13.956877411491803,1,75,0
52,121.85239859176559,12.91134880655709,2,59,0
70,82.9568783859803,30.92937900090144,1,37,0
57,169.07763505743756,23.940524900797165,1,82,0
43,145.23200656584078,24.19885139336695,1,15,0
41,149.07491454785693,28.531597535015866,2,38,0
35,167.62402715471674,36.13343499677647,1,82,0
26,93.88814824616821,107.1650405438215,1,83,0
52,114.9098676405885,46.76547824951394,4,32,0
50,113.14200674048827,11.14135966454236,1,41,1
18,68.37013852337526,6.750511556789171,2,38,0
41,109.45639399367026,18.198191587291447,3,106,0
33,173.45517831507297,30.39095828869627,2,69,0
27,129.4935241517539,37.29971702390239,1,15,0
58,66.15754688620049,20.16932751660246,2,20,1
47,57.7664235334026,21.721815472832674,4,9,0
54,186.59104234993086,14.979380148942171,2,29,0
58,116.3872395897948,13.565288199488666,1,27,0
73,94.1035917719353,31.369380492805817,3,54,0
63,109.04032940411987,15.481931840136786,4,89,0
53,60.90768982730672,21.373255069823845,0,105,0
68,176.9238059804648,59.038718008723194,0,67,0
45,104.27788249655882,95.17056793743495,2,92,1
74,174.69606110953688,0.552276026144158,1,78,0
61,122.06606857789261,24.419087219610304,2,38,0
55,177.18127898273758,9.889139179117388,0,73,0
69,130.26777996172342,35.28880842641472,2,36,0
47,154.12930651476304,1.9989696526592906,2,37,0
59,148.76372184353346,24.98391967352507,3,118,0
34,144.93164265007883,6.126831712216465,0,109,0
72,133.91737908730843,24.085896594575722,3,78,0
53,110.68597135537661,1.8022491599581396,0,71,0
62,196.6173876629144,16.50036349114543,1,82,0
44,83.72252059616397,1.41474775155508,4,90,0
67,120.17230569372639,19.995848924164708,1,7,0
22,120.59543500830382,74.51781182730706,2,43,0
24,136.09763013374086,7.381903357941725,0,13,0
46,102.82109416421996,8.618839312448127,3,63,1
59,132.5898522235835,34.213050058094495,5,36,0
64,113.24629659188136,70.49496784014444,4,40,1
43,56.72189930248403,34.573857669978935,2,101,0
55,120.38209145027386,45.56244999411759,1,25,0
49,75.97738667879393,1.633439947718437,2,109,0
72,50.624569502043954,13.919536869256602,1,51,0
55,125.4749328275754,9.550661079416562,6,23,0
41,139.51533368078265,0.9206010323676973,0,18,0
73,141.06792168418306,43.64396417257862,1,85,0
24,142.68682828078778,40.71017127233098,4,108,0
74,42.69643916237558,1.8205893334122218,1,105,0
26,65.55932288370121,82.1085033451596,1,21,0
34,198.94085747254684,10.79103517958966,2,105,0
64,78.11164959691855,33.85502520487901,1,27,0
59,144.43364124546756,25.114625368199167,0,55,0
73,92.52249513336616,36.349093890146825,0,1,0
60,123.18690957070258,2.63318659421228,1,31,0
54,94.66983190905623,26.15279353054393,3,39,0
37,142.4616461847858,12.173512620264477,0,114,0
18,125.47096469266796,2.2404373879279404,1,34,0
25,102.06840905423066,4.7070152166657575,1,33,0
34,77.99311521277158,20.659387418771523,2,33,0
20,130.71096789970045,17.054955046493912,2,31,0
46,71.49124803829639,18.791251059237993,1,65,0
62,137.09924168483354,10.589463758624023,0,25,0
72,225.059396361476,29.43494830759578,1,35,0
45,174.00680205048047,2.2064485385343433,1,64,0
67,148.7339154757665,8.809413247326916,4,91,0
74,116.5757080903541,30.274022998953598,1,13,0
67,42.44989491985899,81.63500360272047,2,42,1
44,67.10854416399263,16.72669834717705,2,68,0
36,171.31171424410854,15.693691313498293,3,110,0
73,88.4097567950088,6.026899328082241,2,113,0
31,92.02991607343813,54.378247111695416,1,104,0
41,113.37398097263915,19.72180290854387,0,61,0
22,77.51814964613781,28.761647969680645,0,12,0
63,70.92925061793454,6.6712567823828595,1,115,0
55,117.98103708874312,19.395684444781807,2,74,0
22,84.33882181311856,8.675939136663336,1,108,0
30,90.35925680884421,55.36433484977675,3,110,0
49,88.75235895411976,16.682840942449086,1,95,0
48,140.89440855337875,31.08237991747855,4,51,1
63,110.71497238018571,40.030548553229735,2,73,0
33,112.85712128424585,0.08420623639873934,0,83,0
70,143.87783589235534,14.082406651296273,1,105,0
43,114.3184156706824,16.385092016320893,2,27,0
64,108.86984926171309,30.42315386838867,2,67,0
31,138.81801422280682,8.005431574616345,1,71,0
20,146.72791374230525,13.962676399750958,1,25,0
21,114.11706001965584,20.963666116401402,0,48,0
39,123.22431102482086,25.957403660504657,1,111,0
72,88.72839081066688,63.972917166387745,1,2,0
20,85.57267827341897,15.860103327909478,2,60,0
39,150.7659000786723,3.846558503849432,1,73,0
24,137.79768250178486,53.04624733029794,1,109,0
71,138.21193753666304,8.655488475861716,2,34,0
56,131.23417394902089,56.8765784928467,3,47,0
61,121.84813103259815,8.757865764799922,2,10,0
58,147.85647563291076,0.6568919301580162,0,40,0
55,157.40435044091134,21.100299516300115,0,119,0
62,156.4491202076259,83.95150761559206,2,92,0
18,115.96888336216053,14.974114151120256,2,51,0
67,175.47970919635353,6.140440486770988,2,76,0
60,129.13842726929283,5.607177176621189,1,115,0
60,145.29504770263193,52.156452155396195,0,53,0
40,131.28351563339518,31.597797017116754,3,36,0
63,129.88026829936697,16.212649828066183,7,105,0
39,90.56992038998722,1.8786665190488208,3,102,0
20,148.05403353379305,25.732962766969436,1,62,0
69,233.81177579630557,51.48728114300421,1,2,0
31,105.00819700839666,2.412051948334006,1,2,0
23,122.83978861699792,9.261615857211606,0,14,1
53,102.1517894261095,25.873339388153084,2,83,0
31,100.47920393752261,60.76298783817745,1,21,0
66,181.7779791247469,137.75994703164235,2,8,0
43,93.08115929090141,55.16619153614716,3,82,0
18,101.03678106534555,28.633678477638437,5,58,0
72,56.50028705074795,11.780281499444088,2,64,0
47,89.6955310183101,8.652142555218928,0,23,0
32,51.664004281866085,0.1081041749542137,1,26,0
56,145.27218796847717,16.63143835763323,2,29,0
48,231.98788887349238,36.96236170169011,2,77,0
19,105.33284825397911,15.850149225302255,0,117,0
61,53.329682680390505,44.42560606627799,1,109,0
40,155.99998657718933,73.66339979790477,1,14,0
57,90.92300164279372,11.096433513847504,1,81,0
69,171.9738772221416,21.43141694992667,1,91,0
52,108.71883808840221,16.025185545714294,0,5,0
56,94.72737243668877,11.779798490040772,0,76,0
32,112.88169777017254,61.32856110618954,4,53,1
31,150.31107043744748,14.541144387353066,1,24,0
41,110.90317476977374,9.656160443149954,1,94,0
66,100.13101188825178,101.8035071801294,2,112,0
47,112.04673588084513,48.039697348408986,0,72,0
37,69.1257926199646,1.299506541326813,2,24,0
62,135.8812640917592,5.217032679344469,0,52,0
66,48.530936246203595,2.227815160050845,3,62,0
69,102.23514182537939,0.40785429999339795,1,108,0
35,150.37540835322972,268.7688647485322,1,95,1
58,132.12193131730868,46.63607434616591,0,80,0
51,143.6128229194556,24.161427493650965,5,91,1
43,117.39817309124764,54.062980826074366,1,83,0
40,166.78984723942068,15.935634864752139,1,39,0
24,156.9879678707917,152.35927104850816,3,16,0
33,137.84564016990697,15.66608386326769,1,100,0
49,157.10183109254172,18.189563134873687,0,66,0
68,150.01694217614306,29.134609876711643,3,115,0
67,102.42145946612439,68.09097521849432,1,82,0
28,66.24404353234667,2.7709881046830036,0,57,0
56,136.81448503370495,21.483223246755866,2,77,0
22,141.84356923325714,36.65600096559449,3,78,0
56,163.61887964554262,1.151762735341495,0,117,0
37,82.54714899818826,12.383448470949862,2,44,0
43,83.74275762891347,29.013046446364548,0,46,0
58,138.39601065231082,47.9731644406443,2,43,0
42,117.15332044587653,78.41754427216834,0,13,0
64,44.56953557715488,13.405116906002801,0,56,0
48,135.00432655016763,47.626015972412816,1,53,0
74,45.903083400441815,138.2182059695245,1,24,0
54,82.18973792506495,50.59173732088327,1,98,0
34,174.0672549144043,38.71885995906761,2,83,0
62,192.99516071228462,2.8539015676234243,3,29,0
41,71.37374526112154,42.11981538340384,1,20,0
48,106.82433850349223,0.31773623147341146,0,74,0
25,121.70490092314824,0.14237202211296424,0,1,0
24,191.24907710326272,42.47410582033796,0,18,0
50,100.28524208702393,1.0924402596836067,2,53,0
28,100.92463907866887,9.586551779363678,2,118,0
74,181.94902233851448,57.52291360625295,1,10,0
66,105.00843389126968,1.383775948978868,4,63,0
57,148.8880683586583,4.14412172351936,4,67,0
59,60.9142813955029,23.673958506602524,0,30,0
51,113.15069023630696,121.70818080813758,0,62,1
21,53.61612646694381,33.92614917780796,3,76,0
40,77.78264876177182,88.37792798735748,1,17,0
46,153.56805420609055,85.78942351428931,3,114,0
70,118.0037843565315,150.24043740003648,1,30,0
30,107.23577037788101,59.427137406126164,0,44,0
46,90.0500150407633,35.90183090542384,1,3,0
37,111.17375707034869,4.651290116137621,1,71,0
25,132.04452668402774,37.16076754431351,2,71,0
23,159.31664825847048,24.511512134990024,2,14,0
38,14.994132636127915,26.66154231718156,0,35,0
22,86.72955302948762,25.28633943423369,2,92,0
21,126.36384968756023,50.371373331570034,0,85,0
37,116.04547536150857,62.65145369808673,3,37,0
29,136.135049701069,0.4554906661938447,2,75,0
49,130.70161144506216,13.963980561030803,2,89,0
19,107.8052854802637,28.741325585266022,1,45,0
35,98.92587216051291,49.52131657635965,2,21,0
43,110.17994041057996,28.18146106926094,1,3,0
72,165.94969399290972,103.13116491175636,1,114,0
54,90.71968268377142,39.50148816040819,2,39,1
68,117.48773107424178,8.13891329822666,2,96,0
37,127.33368855993685,47.19318574955751,4,39,0
43,182.41403719497833,31.158159712099433,1,85,0
41,107.98766967054748,16.8715353988403,1,40,1
68,158.35226624043844,4.336406929212099,2,73,0
72,169.2791761306009,2.803869373391382,2,114,0
72,117.44982940037407,5.694879710677802,0,90,0
60,111.5712408369295,15.536165782411187,0,20,0
46,106.83785311807135,34.75102958064254,1,63,0
48,109.7670746302967,56.696529377164,2,33,0
73,154.1695944230733,5.243994325578624,2,27,0
34,129.24039909022056,2.0151285275461497,2,100,0
37,129.41158836679477,9.528387472113383,0,117,0
69,74.9910595848066,44.323441664286264,4,111,0
40,81.30039690499062,4.402964442642525,1,100,0
31,205.7378729910792,41.74070598293458,0,56,0
49,112.88697098845242,41.07915793208703,0,63,0
36,89.0091201768656,49.11992335589633,2,65,0
68,177.2439666235719,11.461714248407118,3,88,0
69,131.27234194734208,15.569248220737276,3,7,1
35,143.12619667458085,28.657675672523872,0,99,0
48,114.47811698873866,193.364580638724,1,97,0
74,107.25307637692784,12.753310995350466,1,119,0
60,113.21654510010839,28.271545883323377,2,71,0
30,64.69047318805494,82.43106363254064,0,55,0
51,116.4829036232041,20.858064735288547,1,58,0
53,131.8413230817047,19.141469850254737,1,74,0
55,194.01852935375015,12.269524418157758,2,37,0
19,123.43996260020862,27.366542697485258,3,93,0
35,26.6329183115878,7.88620529233185,6,53,0
66,116.24058268861515,18.900356155658933,3,34,0
31,229.58016532433223,13.714626168415686,2,88,0
35,154.6546493994016,45.868119792216675,0,41,0
36,87.56444224765644,21.531155412846392,1,10,0
28,143.64426057722227,9.47660783627092,2,63,0
26,90.31946300441038,28.046049841476425,0,61,0
37,65.8476992181257,18.854794451205375,0,35,0
67,106.06522547063712,11.606466822091821,1,5,0
18,123.66105756955444,3.2392752138856915,3,57,0
34,45.11377990266416,30.999208083766568,0,92,0
21,74.03362837845457,65.93332439248665,2,96,0
50,120.41342252729419,5.017679972372079,2,26,0
32,103.67307296044183,13.379847105078117,0,52,0
63,135.79245084584363,27.694263702376087,1,108,0
51,71.41326690765754,4.495250311843262,3,41,0
62,148.56454994213203,3.005814838529982,0,57,1
54,72.6496361175922,1.0271579702348883,1,81,0
42,185.70937207750518,0.4473781119408048,3,55,0
67,51.36966862486733,2.0776824936455727,1,101,0
45,76.2978291846635,9.561138334637619,1,43,0
72,136.69483212127318,39.869410343322066,2,59,0
74,186.56933005990552,40.52008184427593,1,62,0
51,132.60172144464684,19.867526236978474,1,89,0
56,142.51431680729564,47.92199326458849,1,41,0
32,120.70147606692234,21.046736049380034,2,33,0
64,78.94406183539226,2.3014715426690624,3,43,0
56,100.39446607042483,15.290497514935158,1,28,0
69,71.52361120074893,21.940875056207165,2,24,0
33,68.85160128892514,17.289480314635384,1,98,0
62,136.06995677278985,28.61398233689764,1,42,0
44,75.07288071648154,9.16397442574829,0,33,0
28,132.78216026893446,37.949857949433465,2,97,0
27,67.92708991115609,36.10128314095014,4,94,0
50,131.85532080467019,6.485529158517168,1,30,0
36,100.4526972414815,62.02715779127339,2,37,0
23,176.26462134602576,14.305127080278165,2,98,0
42,132.9487558231626,51.86482096858095,2,34,0
55,169.43131571976565,21.74760028470562,1,103,0
36,89.77413134299229,2.293040590286371,2,74,0
72,122.24573360976669,5.007731739210937,4,80,0
62,80.75651367534887,84.99904516278856,2,64,1
47,103.45579029022328,18.132500244334658,0,4,0
71,109.51583109021483,40.23545556513512,3,99,1
42,90.96567117251443,22.284874004439914,1,67,0
25,71.3798856461722,11.603071369838558,1,21,0
20,63.45930705389389,68.80060815764426,0,100,0
71,26.41007537170411,13.609195418095386,0,35,0
72,77.74614145986169,30.91391147775386,1,44,0
60,145.09975586687378,4.57425502296318,2,77,0
23,56.060058719468685,7.7807560326524134,3,34,0
34,65.2750861498678,101.75174371964673,1,1,0
20,191.63594284931662,54.32377782655847,1,39,0
20,94.54015800606984,100.20533541438715,1,82,0
32,132.84184036659343,82.69703632321416,2,51,1
50,145.6926858600198,38.652780857859305,0,85,0
21,146.5010451912512,47.70487402205572,1,9,0
74,59.107430775677614,69.9268034902445,1,31,0
43,110.7576128040204,11.53666105232138,1,29,0
33,55.27090921926431,7.1644032798368755,4,8,0
47,217.85271435641295,1.9192014178265007,2,77,0
63,56.20498943937599,26.99455917036013,0,26,0
35,78.0863912452072,6.576756511723917,2,57,0
20,78.37596580633982,21.393201718098155,2,118,1
20,60.133580931084786,14.527178343165078,2,30,0
66,174.10375639026182,31.929106679147765,4,24,0
24,216.89791604333982,2.367100369938925,2,111,0
54,100.9700352274953,32.799298115650856,2,43,0
39,67.1830741262236,1.5599697999926734,5,36,0
62,30.52298005095915,11.609719197881512,1,86,0
21,110.23565125911594,36.2279134443105,2,16,1
69,107.34538307354225,6.668214683488411,1,46,0
57,93.94815494559421,56.62026677587242,2,24,0
43,128.85501015904913,87.97099252323353,1,107,1
29,135.80692571261946,10.335968413473957,0,36,0
73,132.92333031751602,32.86131708198941,3,68,0
35,107.35500512126052,2.003935634206157,0,63,0
45,75.93512681702953,72.21532497816334,1,59,0
40,146.63332391226862,7.482612686708109,1,8,0
31,120.50055037686121,87.75295237764638,2,32,0
41,155.534300993386,20.437145073660403,2,102,0
26,151.60302197888925,6.316868524252445,3,66,0
18,63.129517238115376,8.057221897908377,1,105,0
34,62.63111170169587,80.84858799622153,2,67,0
24,89.77837125037887,20.292530524163542,0,38,0
41,77.74938366837328,54.03649706596925,0,42,0
67,150.21007103904404,28.093957550933748,0,93,0
27,134.0523870395167,45.13893095869527,1,29,0
18,163.96735975141243,7.741714714489823,2,72,0
24,135.85947269643674,20.901186226319194,0,112,0
46,128.34598327493475,24.91471016216229,2,101,0
33,167.98919121376682,18.203298739560257,0,47,0
45,138.78909358940194,19.167240356338827,2,33,0
19,122.72403853750875,77.85665830924769,3,74,0
36,179.2181213572274,68.93754185722013,1,73,0
41,124.6072353261116,27.484531907022717,1,86,0
42,107.82637580328313,2.799399655702123,4,9,0
49,86.48706964889402,6.80843160141713,0,65,0
62,148.12101836181645,28.213086726494975,1,2,0
44,169.48202167369874,3.230208763588091,0,118,0
65,117.9765039426628,7.6069456458827815,2,105,0
48,172.31662495119355,18.65258983309926,3,89,0
32,41.19939872113696,18.740584042709834,2,36,0
31,117.78186500768341,19.07838689163675,3,89,0
36,118.39620351582255,1.6516823265755087,2,54,0
52,90.92022510370612,5.129497851272218,0,78,0
31,215.35444151927493,57.18455298874904,1,28,0
70,117.35229469244955,15.22799119421451,2,57,0
45,103.69076913582268,112.13368841030842,2,105,0
67,121.0384845373402,4.205320483194902,5,23,0
56,39.88745045896681,35.58164371925341,1,46,0
37,89.60528298620339,12.779693339907148,1,35,0
31,159.32959877781616,13.484471865646308,1,22,0
60,94.84218580268902,69.6143005419469,2,48,0
36,86.84499348798914,138.91340924586586,1,73,0
32,172.381025460576,68.15986101223189,0,7,0
71,173.61017603807315,90.15718345947504,1,25,0
45,140.67961888644567,35.82332687622553,2,98,0
20,101.79530663845331,71.59184877349773,2,32,0
46,110.42115739534705,2.714897087850086,0,40,0
44,87.83400153700164,22.90774859728924,2,81,0
67,80.20907523885421,21.332756646730747,4,89,0
58,78.22334046766271,8.914821722252004,2,115,0
28,95.2778237285917,9.875233201266523,0,19,0
26,78.6111603726102,23.663661688569825,1,90,0
52,57.45179525827404,1.273692621214028,1,87,0
20,128.77610679015623,28.759068064785918,0,15,0
36,129.38382323573748,2.388050987937034,0,105,0
25,188.03171033713267,7.325664632037129,0,38,0
19,93.26646526581189,23.898363512705153,0,51,0
70,131.84402358493082,8.083387123576488,0,95,0
23,132.50850317099207,129.34996977864904,2,63,0
18,109.84649755497868,24.298243311069456,1,33,0
71,149.77334354998703,28.191927207575166,1,39,0
28,151.00916747402857,0.7379532608465633,1,89,0
64,133.0964438079016,82.34498535266289,2,22,0
19,109.77441179808818,19.238532705845984,1,57,0
26,105.6987956578186,7.136359661895753,3,89,0
24,65.28984404811763,11.140850775210305,2,106,0
58,87.76328885529233,53.92701401483135,2,99,0
53,95.11969904393248,99.07167599346072,2,43,1
45,75.04112950282263,22.92788700253678,2,24,1
31,137.59695866750656,7.3325723439131565,1,112,0
23,167.8651147594804,4.649942291345096,3,72,0
50,83.67750270683399,0.22841783956077497,2,49,0
31,131.33765742978548,15.608835686650815,1,108,0
51,78.6355544188116,88.2485338930641,4,87,1
57,107.80311316243352,37.928643562341776,1,57,0
66,92.38681683288897,7.707902615965859,1,24,0
46,144.07582594425764,27.548596302747598,3,10,0
18,92.84847304631288,16.181895366674016,2,64,0
33,160.46641654826587,20.380869453821717,2,14,0
66,110.17116905351205,32.417063226413426,2,37,1
48,94.01585161620676,5.629173243237579,0,82,1
53,69.86778950619347,43.59075556336082,3,2,1
44,130.128180411814,106.92717801670314,0,118,0
27,155.80873608904722,0.7476711729675215,2,53,0
69,130.93285026147498,35.686494521810005,1,104,0
62,209.55326665657697,30.148721460714448,2,21,0
74,177.19149809881674,2.8600113311825597,2,55,0
66,107.69888941131937,25.847511408596766,0,115,0
34,107.27890264771723,11.54959380573342,0,76,0
32,138.7878687794141,52.98350009198344,1,97,0
32,86.47923278297259,45.40353660085635,2,82,0
70,166.65153226129945,113.10429380347277,2,89,0
49,134.46402087374335,25.233924347442343,3,44,0
43,130.25835643434132,1.5525631306208143,2,54,0
73,147.47814671083265,1.4512466466264657,2,6,0
52,188.91319533476235,2.8210082147026894,4,31,0
69,126.8382140875002,14.041031750544104,4,8,0
74,115.47838516514463,57.98601883089268,0,39,0
22,180.34878493290313,15.836081350985392,1,87,0
38,158.70201663964542,1.8055470031474798,3,25,0
59,107.16080638465111,59.794618134711264,1,57,0
64,120.2074579463608,64.25327469222795,2,66,0
26,127.81523663755195,2.584052935642681,1,20,0
36,134.4725177841993,23.72516128609705,4,97,0
49,65.73600596243544,13.582242469671206,0,92,0
63,58.300615687937594,29.205845426753633,2,23,0
24,84.50439911990185,82.18594199034146,2,5,0
52,81.41046227954631,9.498233550091848,3,1,0
34,94.2470394410999,73.76746648021393,3,35,1
30,145.38842568360016,25.936593053258523,1,15,0
47,113.24283374701047,27.323233180871085,2,3,0
41,127.85578420040753,25.32410360153797,0,55,1
54,71.02786359830954,28.06494785464684,2,63,0
36,101.53431188316219,9.119820236610094,0,3,0
64,143.4903064697936,14.564919124691516,1,72,1
22,143.79809832707207,61.06759764900744,2,48,0
67,91.01704687248369,10.750236309465565,3,24,0
19,126.46649545518214,88.78526508356109,1,14,0
59,207.9539141392933,13.536954295129474,1,91,0
37,119.29608282977448,24.57867889727852,1,13,0
39,92.27252215430218,41.49691172155838,1,24,0
19,113.04950442551359,86.87456433826037,2,85,0
58,123.68708430107333,2.8085218454839778,2,75,0
27,113.95326477237802,57.78332617876442,6,119,0
55,118.74581197293993,31.887954112970835,2,5,0
59,62.26212812252641,18.70244256767272,3,24,0
66,81.49478099656196,20.209436651627925,2,79,1
58,114.0265905171401,3.909727503991946,2,28,0
35,113.38928119910253,7.46104571323413,1,46,0
60,97.35242900559997,6.72796839768993,3,36,0
65,112.91945655694252,10.950150254879837,1,97,0
36,122.44059421656821,34.15040904690623,2,94,0
25,155.576538260981,35.9691164250841,1,96,0
68,116.03153059095797,45.35864684131769,1,61,1
26,135.96412821193013,56.8053424372271,1,59,0
51,98.33598794264316,17.494689033025267,0,68,0
31,142.88382894393928,101.60517277049632,2,9,0
25,135.02921190449428,0.19598704958385116,0,66,1
62,154.63268012719277,37.93436467778814,2,33,0
26,148.5384184977795,29.948452407684385,1,112,0
56,143.54942491524585,3.5805330909527027,0,22,0
57,116.06330365368879,66.65670926430663,3,5,0
21,129.79756908177873,55.27916188580521,0,115,0
27,162.54035713806104,82.78516308222568,2,19,0
63,93.91701722388822,5.539187433704934,1,62,0
46,94.86368885212538,6.536861141086158,3,46,0
24,127.25725591801448,18.502554087928043,2,33,1
74,136.61118761061815,3.772509031516664,1,59,0
33,87.03574002943982,17.99680568519153,1,88,0
18,117.00949746346767,36.78324012850601,0,14,0
70,116.24004903084861,10.623577145674686,0,79,0
18,31.38879537586118,36.59983792335917,1,107,0
49,111.21624042964962,9.071987958594198,1,35,0
74,113.70728668606135,10.93806172648304,2,81,0
50,113.58828228707924,93.75495287976358,1,110,0
51,176.63657098309073,0.17231756249448113,1,111,0
40,71.36806805964498,42.596312249047934,0,78,0
25,87.0150971518155,22.69084484446634,0,112,1
50,15.51216806722664,20.096440115102126,5,93,0
69,100.76333335303437,8.5469060594487,0,61,0
23,104.17425783495996,29.83675191889085,2,15,0
68,99.60091294662975,12.422074940560316,0,102,0
41,164.3070935793504,10.988102867566697,2,35,0
48,154.42470089347853,11.080855692578492,2,88,0
27,123.11426897069217,9.583372755283166,3,77,0
53,105.17547785840551,1.4967022694948335,1,43,0
28,161.04758672427454,122.39158522081418,0,93,0
33,119.20968560656594,11.0558033614026,0,79,0
59,87.26919844326169,22.80094698922118,0,89,0
20,51.35005290061794,27.88500952925503,6,114,1
43,102.3474202441727,2.7828554441192574,0,33,0
51,150.18574468690434,97.84508399546748,0,91,0
25,211.06154758172357,14.367406701702558,1,5,0
34,122.46441384757904,5.869743037933859,1,85,0
37,89.38577939518783,6.26308819325582,3,19,0
55,72.60139166863144,14.592764917327466,1,27,0
73,142.07819585222396,19.03393101034023,2,24,0
65,49.41535790462926,12.98747063991105,5,99,0
28,142.01380405619554,3.5275945719812487,0,45,0
19,152.7084642505165,1.3485386566486623,5,47,0
20,137.45117812931457,43.18106405789756,0,44,0
51,111.2135331224577,49.926152624151875,2,75,0
26,142.59762614187258,4.063659715808793,2,110,0
31,126.837534845132,29.809352372398052,3,81,0
66,88.87504632557633,40.27239970666038,1,13,0
67,194.01649289500102,60.645382152310574,4,62,0
65,105.93282481557935,66.28460593054052,1,13,0
32,151.03009201799637,19.239678060116233,0,20,0
53,23.25542869217142,17.381290362771036,4,24,0
52,171.05883531123715,41.55722402899968,0,83,0
28,178.75054978618329,26.00123077002514,0,105,0
49,121.19335148506553,6.6888949243410405,2,30,0
47,142.35084138951035,0.27974393449492385,2,113,0
40,142.34060726430252,69.67030447391107,1,32,0
60,94.28865721437103,11.291223417230542,2,37,0
56,141.88489221757362,9.867614637626238,0,16,0
48,87.65478120509778,72.76534741380895,2,6,0
59,95.64972305418695,19.28451545647814,2,74,0
61,165.07772572849194,4.749878901895148,0,49,0
50,158.9863076280081,50.92810796374551,2,14,0
33,91.7449799153683,2.6426155900811055,3,68,0
61,90.65694625995837,112.61146961232588,0,42,0
58,94.17613590169312,23.365204618402753,0,47,0
74,149.30558265861964,43.12416547024691,3,106,0
26,80.00060876758411,34.81036899257485,3,49,1
41,134.2685055614381,21.090093923473127,1,54,0
70,149.8738724253718,18.430051672296965,0,82,0
47,116.470181988276,25.483452467086,1,107,0
71,160.4025478745971,9.151446255929581,0,88,0
18,107.8275932204083,32.93337075598705,2,59,0
20,111.44577596024342,5.969238577271895,2,37,0
63,80.91015075472575,6.8782188758991065,2,22,0
38,160.6870939048082,32.105549451554026,2,15,0
47,89.33918212084518,60.42197481323444,0,91,0
42,133.99087270860238,53.16845299129811,3,88,0
41,117.1473573149626,4.348342085429592,0,43,0
71,77.8886774755335,12.006966077516022,2,112,0
23,95.63587424706716,99.74651983278916,2,116,0
62,175.31488956162934,41.84720257005419,1,74,0
68,128.06630170537923,61.715656326463886,1,32,0
55,79.63398634532632,24.190632806559837,1,61,1
40,132.21313149394769,75.26699576989796,3,98,0
27,114.1554387362182,5.18001687484601,1,61,0
56,258.1618560897673,14.15376071846897,3,59,0
44,131.40495365369088,55.83203581420604,1,64,0
26,104.77500611734541,12.229274734870575,0,101,0
38,176.80111671148416,19.89024500042619,0,49,0
72,46.358553308286176,12.597679381854029,2,22,0
33,123.77280625524389,9.285766689172245,1,62,0
28,199.7771397872429,56.91283170960702,1,76,0
56,115.35202862560983,17.265188927755084,2,112,0
29,50.66795821407685,26.51104461206452,2,14,0
70,104.1632814235761,33.92447082366935,3,113,0
66,178.1807216383615,10.35778104407648,1,96,0
74,135.04278385283084,10.797310330254472,1,85,0
70,86.4457556194993,53.38558033036871,2,29,1
31,92.59028771283904,33.15297870297756,2,25,0
30,97.61198915400746,25.11930412029464,3,51,0
37,134.44791536215985,1.3130322759762556,3,22,1
44,173.5278453175461,28.56303124745016,2,79,0
68,162.09692051196683,9.799023916679209,2,90,0
59,138.24048728436514,62.68111181220028,1,57,1
54,66.73420959770067,6.966422001455583,1,83,0
68,66.88269944026234,54.471782911198645,2,93,1
54,141.33008084855052,45.98613802729139,3,109,0
39,66.18115608268423,55.71264052198347,2,82,0
41,110.97731915725583,81.94925161549168,2,28,0
47,132.16601784744708,21.84560680402968,1,16,0
23,74.49624018549244,52.61403237812569,1,112,0
60,79.02950662564547,63.69234758765261,1,93,0
55,116.23515741728725,50.16789658464143,2,102,0
59,140.14601150096215,11.54778466518889,0,51,1
48,162.46075081655027,14.707601220469368,1,19,1
62,144.28213739082207,79.50070257665656,1,72,1
72,122.94626379968778,29.236465479812992,1,77,0
50,90.15220985771802,62.72597609877204,3,26,0
43,77.16372016621924,6.490867625705649,1,56,0
23,99.56491646683409,19.778015559666407,1,51,0
62,136.39742339922267,29.54088623520943,3,31,1
69,133.4649482650937,51.894668403362935,5,98,1
57,36.003920570995106,20.990741394847657,1,58,0
67,88.57291886929988,25.062322113908085,2,111,0
67,168.18030206424623,27.412137052318627,1,1,0
63,123.16860191216557,18.338057833861832,0,112,0
46,63.31964347588056,26.66426523618008,2,79,0
23,214.23284726392606,12.604640116799727,1,84,0
18,118.84233070740942,30.370389071164652,1,35,0
29,135.37335837253633,36.78842523359385,2,10,0
42,135.9809902418054,35.99421256393829,2,28,0
60,105.29618135359256,2.2720383161633415,0,53,0
43,90.89705272714423,0.6960383569949385,2,41,0
19,204.86699940263762,41.463655712259886,1,23,0
29,160.12823478471003,19.661651637557405,0,2,0
73,152.87748804434705,10.792061100037659,2,84,0
74,143.05156766872844,113.29711227653564,1,80,0
39,79.86730438553262,5.367872581757858,2,20,0
63,171.10120766961094,18.61162041267317,3,94,0
59,86.27469367953003,8.584527939316757,1,117,0
71,131.33147192602584,48.41280440149363,0,119,0
68,54.42440378141724,64.54126512962749,2,24,0
53,38.36564597409921,12.965969312288653,4,51,0
40,132.7316481061246,15.18575502739213,1,7,0
53,87.63602931220368,6.768505181978348,1,2,0
36,40.43329714810908,22.98747001307017,1,101,0
37,141.62438011788302,23.08849509777108,2,116,0
52,204.80323084203155,12.67858399117138,1,25,0
50,175.58241034320247,49.57354942732177,1,56,0
51,109.7072845893731,28.77275758720895,1,3,0
39,120.35381226787783,30.18154767078972,2,98,0
41,155.50825027135653,10.055715782907777,4,66,0
18,164.88512079339628,65.13370955030426,2,35,0
52,106.25857124697205,106.9764815145674,0,116,0
50,121.36710862898298,22.637083213436824,1,17,0
71,132.02459227058145,32.00405438668213,0,32,0
46,142.15505281115327,6.681880332197834,2,89,0
44,114.67694231954933,47.95818962082462,0,49,0
21,115.19659019725023,26.586241320305696,0,84,0
29,175.19329319017552,14.679972148601866,2,29,0
37,168.38082809771544,27.61971438681448,2,79,0
39,139.09642293744352,28.057591032869542,2,67,0
38,188.76436280091713,2.4397956524589195,1,6,0
40,104.54216951094332,78.98187940623322,2,39,0
61,184.91893794517523,24.39719694214876,0,36,0
25,141.700617741422,21.056854284029825,3,71,0
36,250.84104488858358,7.925991426374429,1,53,0
27,72.30072292870089,24.721609621106733,1,57,0
35,92.42618991130634,5.846608132176197,1,21,0
57,136.7519131280219,16.345555182479544,1,111,0
20,135.88936211915967,29.610481072136228,2,90,0
37,198.00555936700073,60.25164896015799,1,80,0
19,93.26501266801864,0.6871780377114184,0,33,0
72,156.19674074775537,11.562417021848711,2,82,0
59,166.49852018727984,6.164463818609655,1,28,0
31,148.1859132888259,90.925049293169,2,58,0
29,81.5601463230272,9.079113091960924,2,32,0
23,176.31035221016793,11.945759530485361,1,37,0
44,169.17299725261654,24.338198703116856,0,78,0
60,143.9833807916151,5.684724355182322,2,38,0
51,128.17390748835817,18.819116531547568,1,87,0
68,129.04432040177485,130.28631964317162,1,60,0
37,116.85056831042489,4.333189333459188,2,117,0
33,145.63140537010568,1.2271232344690126,4,23,1
45,121.24539411779911,2.61277715832367,1,113,0
29,86.05900098589436,26.606537727889965,0,16,0
73,78.05633420689631,64.07141273305149,4,66,0
28,89.91854985390832,18.22920427814152,2,45,0
45,128.88528970197808,23.442700660230496,2,90,0
47,118.92176654259171,12.069758616553818,1,16,0
21,128.61375173154997,17.947858658228874,2,31,1
44,140.03252534184443,60.767682740711265,0,28,0
43,94.90716296332485,26.286827722204606,1,110,0
32,178.62640673381392,89.26067908326574,0,64,0
25,109.29156691810103,42.866490183239,1,20,0
20,102.66292060873964,41.04117194426248,4,95,0
18,139.2954494932981,39.31739525097957,1,34,0
45,46.53959190499708,40.72739046368209,1,27,0
23,88.37862201108322,52.907552400349225,0,59,0
72,159.24291194767332,9.897173781763131,1,95,0
31,50.503122837515576,13.357660366817184,1,100,0
55,164.70296787732622,42.697119789893,0,2,0
56,180.44546265436537,74.44705603873152,1,107,0
46,105.22178648705007,15.959726827819871,1,119,0
68,131.67251069705242,10.261412898695616,3,39,0
24,164.76348339404106,3.6256413096755686,3,62,0
31,101.32843247825922,2.5178528040873167,0,45,0
32,154.71102082104727,26.164312705615266,0,57,0
25,93.15404819477314,8.202505676096184,1,78,0
34,100.89590826667282,71.55802439245619,1,78,0
35,88.02654142700105,4.8192909954509995,1,57,0
61,133.70588796779214,18.180998674306917,1,57,0
35,166.31876210262197,40.21354222591955,2,59,0
67,112.63548271531343,12.16008964516912,4,49,0
62,69.15003360350387,15.017501101830455,4,15,0
69,76.69172710852737,118.9338651250296,0,45,0
23,135.78397685482162,3.6155112237123572,4,86,0
74,193.76465653577077,26.200837498087893,1,117,0
52,135.74899997257592,12.711980611866572,0,97,0
73,104.52413797394989,5.586935241579119,2,103,0
38,150.64735867401137,82.8562367362142,2,94,0
72,110.42005457653015,29.900382845125478,3,60,0
51,104.86859130543175,8.131718496412873,1,82,0
22,81.66163577218946,20.331818624120025,1,100,0
41,176.33795376985424,42.43822452862215,4,27,0
25,18.43168330017346,15.754514877216755,1,18,0
71,151.91436801117078,15.224729871869352,1,32,0
35,101.45020248809853,23.160470117284333,1,64,0
30,103.5863707419355,9.344979387059489,2,94,0
49,187.6926062447125,0.5789279893124136,1,54,0
42,91.43475631199794,72.59119197211368,3,117,0
23,92.79723383886359,1.5628009494926358,1,39,0
64,114.78423044321879,27.476812000405893,0,55,0
66,136.55389543248953,3.569712179553158,0,110,0
60,102.32576870828522,3.499478827078048,0,21,0
53,57.045642778564584,20.621129860050864,1,100,0
40,85.37207276472938,7.138422254127682,2,18,0
48,171.25335425858077,55.00455745819571,0,108,0
47,122.99107156542046,7.9658912449644435,1,39,0
27,138.04349134815288,62.31679842098599,1,76,0
22,109.5431517130785,54.06046245862229,3,85,0
32,93.62009215306921,88.72497109044848,1,45,0
43,187.10277799501642,28.173578852417812,1,66,0
27,112.47232571795678,72.03615552612827,0,91,0
24,102.26520481891492,6.189553163161135,1,105,0
66,163.8456946542136,54.01367359122533,2,13,0
39,91.10558564530459,9.812540638696635,2,59,0
51,96.21090624904014,60.67766602460638,1,102,0
47,120.40986736067592,36.127849340891274,1,67,0
59,120.01080416352718,24.041058839116012,2,4,1
60,130.38445391612856,30.640979949584267,2,15,0
34,203.66676357581952,28.845957061134275,2,98,0
66,133.44992985409482,8.102334659285173,2,51,0
39,24.877841489967977,29.186983107993548,3,84,0
65,133.05195773726243,89.4279964096812,1,107,0
41,121.51519977958395,26.90798653113169,0,11,0
24,121.73800097405831,4.067959517174239,2,55,0
61,129.83789237584682,56.563092685803156,1,18,0
19,118.85286849300803,8.783300747290207,4,101,0
62,117.89551627778444,38.15775694630475,0,54,0
20,144.52176839083145,2.0928126344693254,1,105,0
29,98.31676811221996,11.418090110790683,2,36,0
52,82.09254657443297,0.724025276946169,1,18,0
71,240.95125810489566,24.772987669731467,1,104,0
41,91.36570224875067,20.89305102690214,1,73,0
24,124.00571649840306,22.03041730314285,2,23,0
31,60.173589964985304,48.81768295517109,1,83,0
69,124.65873660205688,14.162485959905622,1,50,0
59,82.6709779724266,9.627589159490435,1,6,0
23,102.30108228599957,1.3744741919293653,1,31,0
39,161.80258663084496,23.47751642611748,1,90,0
33,138.88038273512296,44.534719780119396,2,16,0
28,142.73638098299276,70.20001333226179,2,41,0
66,49.15180646432549,3.0635336134074582,4,31,0
53,193.47580679316053,4.0163919821405365,2,88,0
28,72.324747562325,8.381169087465311,0,103,0
55,181.1424325717546,65.56439971861792,1,94,0
41,160.86175463925946,14.171459429762518,2,86,0
21,143.0933096713872,30.160434824634407,3,11,0
43,85.80060876366474,8.193336008693741,1,109,0
28,126.06359379278092,32.32954912386711,1,20,0
31,101.1631435742056,0.2974308717308161,0,49,0
68,121.16158286021167,23.068003976685883,2,99,0
58,110.0051096365776,3.8492440812291657,1,29,0
25,38.455579737103676,83.60644790331924,1,26,1
66,164.87136603938353,7.544574206863123,0,4,0
50,116.75571373802555,3.05795785801283,0,43,0
67,100.60798401991052,56.617741962951015,2,59,1
60,97.58691068680929,3.1598170281878466,1,56,0
37,134.33838305467071,11.678461943534543,4,5,0
48,84.2497464682211,83.77747824336029,1,25,0
48,29.792977661038265,18.342840478519218,0,1,0
59,136.28519212833103,48.164795365810775,2,27,0
32,140.76411991827285,2.8422340262437564,3,72,0
36,112.01472701289468,10.174259815657477,1,2,0
31,74.08388499239965,53.91076798248603,2,20,0
34,123.55742163557142,4.873634735753426,2,65,0
27,61.41870526745645,5.512434146206247,0,67,0
20,78.91077613249362,4.921793505896006,2,107,0
71,89.97208253983355,155.24557602470603,1,69,0
22,153.75756283566224,29.14357470059496,2,111,0
68,105.49556198252331,7.346125800301352,2,87,0
18,102.08534352894158,39.10252277261594,0,66,0
62,198.18770061644983,14.285738124046935,1,46,0
36,134.09849988754854,2.6323450369080814,2,14,0
47,133.55978041899303,59.608419477655445,0,84,0
34,105.211970191649,45.07422695401325,0,112,0
45,96.14513329452889,42.69849137479646,0,44,0
43,32.54374239931397,6.629812077246813,2,43,0
48,158.74962127694232,38.08587972830068,2,12,0
40,137.93238823025516,13.947679341505355,1,72,0
48,112.83336027146346,24.15243098293456,1,37,0
65,114.51093192654977,77.36994414180019,2,2,0
42,149.44577049044221,62.093762587492726,1,1,0
38,57.811597076805874,22.850184465791276,0,40,0
25,96.40474673784777,17.17384295224483,0,56,0
38,74.54788548429877,32.93748573926718,4,55,0
25,190.86037129946985,49.541996343109474,5,89,0
28,155.026221274132,37.8414867109804,3,63,0
72,31.89229435458543,14.636674690473336,0,94,0
23,59.44953493440097,2.4974986361572133,6,36,1
45,114.70617306570055,19.096417584178905,0,28,0
65,101.10239151710302,0.6443792262336918,1,65,0
72,67.02471167692447,4.433274380632325,2,13,0
26,197.79048950601958,39.99279349198207,1,91,0
27,132.50159655930315,22.50296664133187,1,23,0
39,138.99265291452366,22.573322684909996,2,109,0
49,92.31940203071144,21.57873814850575,1,118,0
72,148.8909658871201,25.233155264325685,1,64,0
29,104.78268956071953,34.51540706299959,0,38,0
27,108.66627305170002,51.18969696864101,1,41,0
32,144.4400783930104,55.19454891962445,1,52,0
67,54.84009739758801,13.239120948645335,2,58,0
19,183.8811143940393,8.769167885512637,2,9,1
39,127.29556858895504,69.22144889769524,1,24,0
24,171.23776835121697,7.069658754757935,2,94,0
26,76.98320973524727,116.90451828488783,3,7,0
70,83.07339503887228,73.38746320723453,3,54,0
18,73.52399113600751,14.241719069867079,1,105,0
36,130.01190690659357,45.6979361567465,2,11,0
70,122.63933207672984,79.00209105636523,0,111,0
52,101.42352723075278,1.6242848398651284,4,57,0
22,79.43723228458882,28.62407278158929,3,51,0
44,69.33614921076631,49.044977138862066,1,85,0
73,118.06064398117375,50.4512988028467,0,93,0
40,101.37652881645599,2.7279536211861326,2,57,0
48,92.5757203056695,29.8460487478559,0,10,0
48,181.8835794452644,3.6909946645362224,5,116,0
55,116.70697287229065,39.03060441773981,2,2,0
28,170.801717357077,3.0375188037988172,1,104,0
65,98.66991269269214,18.698298397256217,2,52,1
74,129.79105135194627,18.035683756231588,1,62,0
26,117.78095934974661,10.55542311493892,1,92,0
64,52.0951076192751,12.00170617660418,0,112,0
64,177.13353225055653,5.060276485604113,3,18,0
60,114.59385571870337,11.716526705913024,0,97,0
39,149.8567287853184,57.08238173109424,1,79,0
44,89.91885110153763,141.3400297567151,2,44,1
65,113.40622473680942,6.999396205616436,2,51,0
26,85.32590560306582,175.70464060917007,0,92,0
65,169.43993931053575,109.68997127235409,1,17,0
70,132.45637389802704,37.196286605139484,4,61,0
56,134.68214106723553,40.401712844977396,1,86,0
37,174.32736588419914,1.2467173440455754,1,65,0
49,166.2536518759609,23.837481230058255,2,54,0
20,150.6137014454514,19.10365552778962,3,62,0
71,63.13090611850149,11.212368591369167,0,61,0
37,92.17283521933265,80.43983029574234,3,96,0
21,79.84447455954589,29.928676104349282,0,98,0
63,149.10134774503197,137.3049469284237,1,110,1
55,126.82607767000205,3.5048607945394363,1,9,0
53,64.37950265477622,32.053433510686034,2,39,0
21,112.4502314795509,12.844841816211249,1,105,0
60,60.23550657124886,56.80285350980355,1,77,0
54,117.87374047720961,7.589151507387859,1,45,0
63,53.785099840512615,64.9373944245526,0,75,0
65,141.1530997353845,70.29664025581597,1,56,0
30,135.11850504136294,50.25675410895774,3,106,0
30,196.31793973387528,50.701755560982875,0,67,0
70,153.9149315798937,11.21327334331542,1,54,0
48,103.08342976709989,20.437925985594127,1,75,0
42,152.72280373097942,10.701791737195768,1,23,0
34,64.09344476219286,25.224850257390354,1,92,0
54,81.50109585275658,18.423260588794633,3,25,0
60,133.3257012830044,17.440229233889063,0,3,0
18,33.67001349008291,3.7343589854981563,3,7,0
49,118.51356860264468,99.32110007775817,1,8,0
74,79.18946831526317,2.677275911781171,1,12,0
33,124.05228220613054,2.098096185146872,1,7,0
34,76.89054567810946,0.20967334653360484,4,36,0
68,136.96992549820754,31.04526349390733,3,115,0
21,120.77309694669559,116.02055474242954,1,13,0
40,176.01463667525323,3.5780494862140135,1,81,0
44,120.26938136406488,2.9333365260938917,2,104,0
63,89.25428780154135,21.778348069561183,1,97,0
25,110.12456576690869,24.959820526531622,1,44,0
42,66.23054411933074,109.02169709793553,2,7,0
26,136.2454901882176,1.895966894772809,1,44,0
62,143.5940098526109,43.30014829521862,2,72,0
54,218.7678414677127,14.623796554411514,2,91,0
46,95.12656037582381,15.637678261126327,0,17,0
40,109.28821705299269,59.18342959234939,2,36,0
26,96.96965902247138,10.365049704484369,3,72,0
70,128.48454804524897,31.292590817651966,0,86,0
54,135.26762137918456,1.2260994835092427,2,37,0
36,117.86500622285956,1.9757664370804848,1,98,0
41,163.4530366749213,50.862984304818525,1,96,0
59,95.3208198498089,5.775312917334164,2,43,1
59,159.4469619156285,38.71573979918795,3,64,0
44,141.5399141456433,10.012060252068974,3,57,0
35,119.51880320404214,80.85147278163704,0,80,0
55,107.40253436971417,38.091224725257014,4,39,0
55,217.06671034925478,27.07230631239094,1,40,0
52,87.31965397031682,40.852455112346945,0,51,0
22,131.91732707873658,123.30941295133418,0,26,0
44,89.9912371903147,13.595591208316813,1,70,0
52,191.42482994485223,59.47258062669304,1,115,0
72,155.47305315196814,28.14972204848425,1,42,0
47,92.86600484635423,0.07108621223299713,0,103,0
37,140.50379973724912,36.95486011025731,1,56,0
49,130.30782885106223,13.763431861332414,3,20,0
28,99.33500952101045,2.346651393123573,0,60,0
23,150.32656868912693,4.822268743321662,2,60,0
56,135.5722156441764,0.5036506301874276,0,3,0
74,128.62794855543808,74.17078490251156,2,58,0
66,118.32321155030685,9.623719542446146,2,20,0
51,137.24217970398604,68.68820733280029,2,95,0
20,129.17550645969837,39.72239798813564,1,65,0
74,122.3637333210007,3.4841451649106436,4,37,0
43,94.35936336049747,11.553656502366865,1,1,1
34,187.7506496304997,18.66503843365814,2,68,0
68,77.98320226605811,17.11961642421196,1,84,0
60,137.1054487551898,18.90760389601908,1,51,0
60,107.19037030794269,29.21465467833948,1,108,0
33,190.381890777972,86.29328073539536,3,24,0
74,83.86069851104637,10.933889407812666,3,90,0
43,90.58946952958672,9.233533298098122,1,59,0
48,81.20727746952699,0.5577792376425618,0,38,0
60,132.9386020380244,20.966797990415387,1,35,0
55,65.07797361725433,30.714188429597748,1,54,0
27,100.85886020968935,10.573656594812974,2,10,0
35,33.9053670858286,4.448784126336726,1,78,0
38,129.6168541651236,21.32603227502222,0,49,0
72,99.9914056497495,10.69889064613076,0,81,0
58,60.477730242725876,25.006290023032996,2,62,0
38,163.42437611896236,91.09729171420813,1,117,0
59,67.69332406460242,70.66567627681064,3,10,0
60,151.87774760112862,39.448732972923665,2,59,0
40,91.95836704048781,39.318253542462855,4,64,0
40,184.06285511581703,74.70143098568937,3,30,0
68,149.98202155704584,9.017425369129246,3,81,0
50,79.67808516503888,38.14155744748604,0,44,0
26,83.31669791158774,49.92025649385001,2,91,0
59,144.2210082089724,25.081161319278255,6,110,0
51,109.50487477159334,0.6658548569707149,5,102,0
47,113.22629971914537,15.069492879695316,0,76,0
59,170.88955447088392,70.01209322919959,1,86,0
69,90.05244506520174,56.78651950964287,1,103,0
36,123.65175088701818,35.241503673835425,0,117,0
41,158.18511174609225,2.9729318668552884,1,87,0
28,152.364699535424,23.012403055234042,0,109,0
54,113.6154932991731,22.30606200765513,0,115,0
40,108.44376476589368,1.377829584625997,3,21,0
37,50.44738149916273,12.356173304675275,0,60,0
57,77.75020029339217,25.36184285122974,4,43,0
41,132.73436906298934,30.859517376026055,2,114,0
44,114.48471244231055,41.82685756406206,0,89,0
43,122.99708314264906,7.607517082689784,3,106,0
32,161.57014438536243,32.18280365560186,0,42,0
25,72.50707563750902,13.84012492671349,2,101,0
65,110.55278791069401,2.805989549306847,4,10,0
23,127.54843853644871,19.738872922583674,4,112,0
36,91.83360249701936,33.77551372173653,2,28,0
56,177.25908455709668,14.650041347058378,2,63,0
25,156.34347206452588,37.40513095105618,1,86,0
55,131.60533308355022,29.70953072830265,3,89,0
59,191.76927117314347,9.595447767090683,0,26,0
55,60.04418881559431,2.0259070129637946,2,67,0
35,119.69094875577272,30.066346127584254,1,64,0
19,134.65347875736245,27.6423140399313,0,93,0
68,83.41779812824312,6.198346471638507,2,39,0
36,132.02858167270912,4.161151351584229,3,91,0
63,75.73670024848488,10.491036773806997,0,74,0
29,147.62229273097012,28.825893738398605,0,91,0
27,162.31339072515627,6.303108981140735,0,105,0
62,130.89333604513314,43.428831930852645,4,51,0
71,45.888087397402174,46.20548225750826,3,52,0
67,81.32825915335862,7.490215052245917,0,95,1
60,142.58840012852642,3.2733500921186423,2,94,0
32,120.84794574049464,5.256758708484244,3,105,0
70,12.239895292300474,109.1172696884552,2,66,0
56,169.7132153547296,6.367782524617662,1,76,0
27,125.4662602501533,5.104144834544914,6,8,1
25,87.23701343999821,3.5711139246492514,1,55,0
67,159.79822390266656,1.777181645394072,1,30,0
33,92.89839948372403,2.46884118781794,2,102,0
61,92.46191529583142,103.39076677205388,1,15,0
25,134.33410604056144,0.42886956566783874,0,93,0
33,191.2415383696918,20.59643560544209,1,100,0
34,184.94348711891547,3.47676011519249,2,56,0
34,134.38845995616427,25.20375780332682,1,80,0
56,138.49542635401278,4.568553090654032,1,70,0
70,151.659957283393,58.210240518431256,1,83,0
69,69.72065298522604,76.2333719828905,2,82,0
60,145.7659334860793,41.24067574480794,3,31,0
29,90.63706127425888,27.87920484463031,1,82,0
72,132.73912267186324,36.092918726862415,1,108,0
48,110.90129489570651,22.77161100723561,2,38,0
49,140.04833308456858,13.081301779782082,1,37,0
57,124.7241386002584,3.091411852317898,0,35,0
61,10.0,39.052268564589234,2,109,0
72,127.15566846820722,31.580935641610616,2,106,0
51,145.6861180919705,7.876072865831857,1,42,0
52,137.83713393353815,20.972571447735874,0,112,0
60,115.89656215165681,0.4221956774822601,2,91,0
32,185.68646767721623,18.96560834019842,2,48,0
35,132.45492516486644,12.820161150309366,1,99,0
53,137.50693200772426,1.6175917028558238,2,109,0
21,161.77967576202275,0.21043771423114044,1,104,0
36,134.50371998786395,10.35770325928083,5,57,0
58,84.07928986343185,59.40227262052014,0,26,0
73,22.466503448815104,86.82057280706287,1,20,0
47,100.91516391927675,120.53472392740989,2,99,0
40,150.43782103524467,38.92391391364394,5,88,0
43,105.87614674328776,35.62780287084358,1,85,0
57,152.0471348912692,7.028336769711675,7,6,0
49,125.94912703681092,1.6212737795139125,1,115,1
19,171.52264281048738,57.204072338080586,0,14,0
48,108.19133171517356,129.45905281412578,3,70,0
40,138.70459306270752,17.0843751711249,1,112,0
57,140.23540258141438,15.341374626563404,2,29,0
67,180.0640749052477,13.610235614259919,1,62,0
72,51.73450774662888,6.756527125357976,3,100,1
52,101.6636690178737,24.105541917797098,1,32,0
38,153.94064421554015,64.47884536833354,1,13,0
43,181.83585919114591,12.320252465458639,0,58,0
28,129.60286050568322,0.6786422210735777,0,95,0
71,108.29183342314052,39.34663538002817,1,69,0
66,150.2847347469778,39.25006580446221,2,53,0
66,154.74810700926733,72.050772384919,0,77,0
36,105.61353285330772,97.05646657234806,0,7,1
36,133.21229248710185,55.94630206839947,3,42,0
66,167.22109049647878,13.245279755611714,0,105,0
49,195.61835973097806,10.034994732407498,0,47,0
58,149.70419836941167,9.273244835572486,1,115,0
45,121.76555586662373,5.445651519082552,1,66,0
43,117.83699295848368,16.116186147467655,2,112,0
54,142.2958622877449,54.060648051422106,1,75,0
64,115.373086300822,22.63231427369261,2,50,0
37,127.58561996089553,5.488620632118023,3,110,0
64,77.684949418765,0.4350010098286645,1,33,0
31,171.88228785964637,7.159257216382962,1,47,0
40,74.39261091405285,39.659763671398586,2,86,0
70,102.7155295818795,17.924377730928633,3,105,0
72,123.90373043407256,8.051943402438322,1,24,0
70,199.63947519554554,3.4550827076582697,1,119,0
36,103.0926806059069,1.5593130041269858,1,52,0
66,93.35936744158414,69.06738224144051,0,41,0
71,97.96732330664824,8.396960763981593,4,16,0
73,186.3558867044525,3.9458156898672785,1,4,0
19,10.0,43.0985807251113,1,67,0
60,79.89047951405652,15.715279117999305,2,72,1
74,229.25154836638205,55.43492580635676,1,12,0
61,143.63528293966547,4.305250955634512,4,108,1
31,75.7606020264312,63.590973639343844,2,65,0
61,118.32328071300914,2.821473483499448,1,7,0
23,122.69818264271447,4.123436405367696,1,101,0
45,153.84500983622422,0.03514056810388038,1,24,0
53,193.58008011290252,33.207581589753616,1,81,0
44,135.54206725116862,6.458489184931276,1,81,0
57,98.40846787948158,118.40522765812926,1,97,0
31,151.48337768392818,3.158863270249316,1,97,0
52,92.06989212548555,24.4425479202383,2,118,0
54,78.66650016043883,70.30276850269004,2,11,1
54,49.603645121742204,5.155003248920768,1,44,0
34,57.394864219983965,9.842247701131543,2,44,0
35,84.14219375502913,47.270225943985714,4,45,0
32,72.88840929196516,75.8209825804545,2,29,0
44,132.5294610949887,20.09646373549354,1,28,0
51,72.02392696703859,15.624909422667987,0,115,0
38,10.0,34.8502471529258,3,107,0
41,78.24352901642138,22.754699528479073,1,82,0
34,101.12561409114323,6.145694246268499,1,67,0
30,95.7820204851214,58.64390069116878,1,57,1
55,180.78098717236736,1.9710361905657687,0,82,0
64,95.458297628434,6.711799857177573,0,103,0
34,155.2369385279679,32.51173309784045,1,51,0
67,119.24069601276553,20.12309266170674,2,64,0
50,118.30781097309605,21.05631763387029,3,109,0
27,86.58478844607852,4.15121632298756,2,109,0
38,117.64869393676932,61.02572575325732,1,28,0
18,89.39615492410333,8.558797803816065,1,29,0
20,126.80097257018282,34.60281706608985,3,25,0
37,110.55001469505247,0.596915642292614,1,4,0
43,82.21488267233599,20.632858708999144,3,83,0
63,159.67577358802382,23.914162622761886,1,52,0
25,137.07361920085702,94.69946534937843,2,4,0
65,102.07749063431007,56.46631746436997,2,25,0
31,125.8197218814124,127.22616630224796,1,64,0
25,116.64709913992145,8.929339007484073,2,100,0
57,85.29636250946905,53.46971235191038,1,79,0
62,122.81984916084656,12.348730275689267,0,64,0
52,95.15952980770501,5.042495658319746,1,23,0
24,82.20264657519603,55.686682222540924,0,35,0
24,55.089306789339005,31.765765497242807,2,94,0
40,105.65570585845477,64.14904568659534,1,93,0
43,142.67882638334893,9.995534912322388,2,104,0
74,92.21362586484561,23.879176280731777,0,63,0
34,220.82834768631878,25.731344647454623,2,33,0
28,155.4274261461093,10.31380791250317,2,60,0
71,172.17320530641913,61.23837723528607,2,107,0
26,151.80972048295035,6.116400668028943,2,22,0
19,194.1145989975429,49.16251624563466,0,101,0
42,88.51992066109831,99.7267670664877,1,119,0
40,17.570504573655143,7.848983591967084,1,98,0
53,102.15497566588468,11.521713305933377,3,79,0
68,142.32874302190152,22.273104711728138,0,49,0
71,126.06067886991914,130.29612220993812,1,102,0
34,131.01890443871136,2.8957650360810403,3,20,0
73,172.83640010679488,8.371477617330331,2,91,0
54,135.28230297849998,23.967694225827252,2,48,0
21,151.95651710364086,2.805421755263956,0,60,0
71,82.41749032588964,53.70947373774959,0,56,0
25,76.18425243135853,6.079438048979075,2,2,0
51,184.5645569209795,1.4498584082454755,0,118,0
63,124.03606140588272,10.247417195004324,4,80,0
32,95.0708326621546,62.92456254738698,0,72,0
33,95.14422025811527,5.79178234746881,1,12,0
45,94.0350751344697,2.4109421261758173,2,93,0
68,91.64163915816633,13.611001727241364,1,115,0
30,68.6740878958536,58.363364324070446,2,97,0
55,59.98318391117966,7.964347324931093,0,30,0
43,112.19982489382323,46.06990724242657,4,22,0
24,96.28296518718402,44.90245766160709,2,44,0
58,164.2863714177318,10.658439321592443,2,3,0
65,131.72306613067667,20.17407746263316,1,66,0
50,130.61270720311933,9.894157867552602,0,55,0
28,90.27518369782197,8.56508809464314,1,60,0
26,115.15886336880098,26.89568387687163,0,118,0
42,134.44004414525762,101.42590470286785,2,78,0
46,148.64782958850702,14.334990710963071,1,50,0
49,116.24432693926538,119.35849720848961,1,94,0
31,163.16495117296836,17.24138377272833,0,44,0
46,120.3195723563177,30.041507992445638,6,91,0
34,151.7138847407072,15.040295164310452,2,111,0
57,100.40591165643399,5.512603434893717,1,109,0
63,47.496465337254335,1.319367946926522,2,62,0
55,130.7343595207409,74.9555671191732,1,56,1
18,149.01296252586502,11.196103769766815,2,48,0
74,143.01389327230277,89.74370363665852,3,64,1
19,136.8874664574976,17.22452037277069,2,112,0
74,106.0565213618005,0.146783862191932,1,105,0
19,87.73014994217631,23.474940598615554,2,73,0
47,142.0691307617512,65.80424127651972,2,34,0
24,137.057896647931,30.638477194067118,1,45,0
23,97.56403636624695,55.127024240537764,1,30,0
56,164.37696756768227,22.095261746388587,2,23,0
59,84.68537941809598,6.818618254464569,2,2,1
24,96.65906484835838,15.463339402423145,0,93,0
73,185.4570084936666,28.909881563657333,3,88,0
36,154.74327750935652,57.66828121466956,2,22,1
36,105.6796277643591,4.123693085438224,3,82,0
34,131.49522838574202,69.09540528101557,2,20,1
44,126.19168978095354,1.2497324234852516,2,33,0
28,10.175445400904863,0.24146546341510478,2,31,0
42,83.74104202106474,8.583587313630069,2,16,0
29,117.96613531562873,38.735229868190224,1,87,0
20,105.73554093762775,3.7083720824621613,1,6,0
39,129.88410259321682,78.99978986465439,1,49,0
56,165.1792925179168,39.0061984316427,0,59,0
61,107.1385686138429,5.7881204369772155,1,69,0
38,77.6938081550854,7.451080448299027,0,24,0
36,132.9940663404418,5.262042193873927,2,57,0
62,106.93506665728786,22.948433552663204,2,95,0
56,113.75745996712389,40.24929581510112,2,45,0
65,108.32905123387685,6.918620351339868,1,114,0
69,209.67351200043942,7.974034516931954,4,52,0
64,30.371829560082205,16.317169833062014,0,93,0
71,104.46664387469416,0.9476333062960349,2,14,0
41,119.85243897406431,93.59756727100708,2,102,1
40,88.75430030868884,3.410047643068108,4,58,0
36,155.99303328513133,17.898984649988314,2,118,0
31,152.53030714878557,23.926571356070664,2,84,0
60,118.08981526045838,13.955641297581684,3,89,0
58,109.17304978625224,58.04827764887448,3,18,0
63,115.52172663073412,12.745772303421244,2,68,0
27,115.80853385408757,12.903779943231374,2,88,0
46,116.8650788749695,26.94241090577535,2,97,0
30,112.48003593932802,18.986929945736364,1,45,0
68,130.0979725836957,29.57075872413887,2,68,0
33,150.1284825931146,6.253787565263797,0,21,0
26,70.78959409605693,19.351197623775548,0,52,0
50,77.97344403067405,15.169839533031874,0,57,0
68,50.05927882065906,15.155598181079506,0,4,0
70,154.65589601430398,10.865473262455085,1,110,0
23,130.01293172761854,18.294186639390773,1,77,0
36,140.21070063731082,13.85883933042746,0,22,0
26,62.820070465461264,132.8482166093811,0,107,0
35,191.39792491520552,66.2814360890393,0,83,0
48,95.6459636741857,7.211430669676303,1,83,0
33,126.72823228445023,1.6373501025014243,2,112,0
21,154.17538642713487,2.647867618494646,0,49,0
47,80.52080976815712,10.250546475774778,2,43,0
21,98.14702565949332,21.995155323319956,5,74,0
30,127.16687098403497,21.86111240839932,2,106,0
18,234.29892301858825,16.282207193904615,1,97,0
22,132.04498971408097,73.63230602071542,3,94,0
42,184.25444602522873,56.22747751026428,1,91,0
66,168.2269258076782,70.94685909593437,2,5,0
62,134.72040145978076,4.809071536310857,1,59,0
23,80.43216913477285,4.866831684912203,0,43,0
19,162.39014443272941,40.148672328803336,1,44,0
37,60.07558633407812,3.8391176266670093,2,102,0
55,184.03500494708368,37.68588587027159,6,48,0
60,128.0002123287302,2.4919871559180384,0,100,0
64,13.991058108072963,22.986981200424424,1,109,0
37,106.37975619872644,2.044933191018585,2,55,0
27,146.1579128369176,9.669042288885125,1,21,0
19,110.51904507840933,10.387023614163873,0,84,0
26,148.60023243974294,45.92102903756351,3,103,0
21,85.99903329150818,3.432898132399948,3,49,0
67,67.76070508849571,36.286936162666784,1,24,1
33,117.14218387809578,9.608834754712273,1,62,0
64,121.2626266915966,25.33916025335443,2,117,0
49,106.06462595750715,68.88952103311797,1,62,0
48,169.0916458656877,43.70252620563837,4,54,0
43,85.9917049944377,49.73642158078843,1,53,0
64,132.526624293294,101.15688795892687,1,88,1
20,122.71879884654501,3.1497151460665043,1,41,0
23,57.731361914556665,88.4046535637071,4,87,0
42,67.23879265325951,82.24087990616438,2,118,0
40,120.47644064994526,24.846040169474332,0,92,0
49,199.24799994747855,57.416536787490266,2,111,0
60,143.17079247595245,0.5314226853170342,1,94,0
51,50.974606994214696,22.486499224233125,2,101,0
32,10.0,18.175763958376756,2,5,0
36,149.32214372017518,121.41598239239951,1,43,0
60,116.15146068287204,8.931595723981902,3,33,0
29,165.6506387804148,22.56962279563925,0,103,0
46,84.77128317154234,5.87632122419818,2,28,0
48,134.00849991434106,23.284939849811106,3,116,1
60,153.8469385211145,48.939426120776695,0,84,0
58,102.10145447174072,36.69197355253972,3,15,0
44,102.95657719075739,0.086200794381972,0,82,0
35,121.01051324393562,1.6349732600232434,0,41,0
38,141.70705386241315,32.55681983468477,0,36,0
41,119.42663981952356,28.981044997969835,4,119,0
30,158.95985351037945,20.945207437090264,2,95,0
53,101.5225924293188,8.28567530166522,3,91,0
29,66.86419178147561,0.4073272213556846,3,38,0
54,199.0790147245272,46.274233893929456,0,79,0
60,95.81465053830215,28.363832570124796,1,41,0
72,97.2623166512901,44.09135439688848,0,72,0
24,117.36786715711263,40.408632325387686,1,48,0
61,122.68724438615925,21.623000156888775,2,73,0
22,104.53265430046869,15.377723138911104,2,89,0
37,119.30264412203964,2.7569411702422575,0,38,0
28,118.40951074287304,18.878439333225767,1,2,0
27,126.99277308083228,19.079214392391435,2,12,0
27,25.700501640507355,8.182116407915037,0,108,0
20,195.235052280314,61.72131131161978,2,115,0
64,114.1084674586177,32.697434967768196,1,83,0
21,143.2249047778794,4.211481757296782,1,13,0
40,64.87594633863904,79.5690070570033,1,70,0
57,101.15998955002999,25.85422721021842,2,52,0
74,93.10736534718342,9.668706988704615,4,29,0
66,178.7889505803418,87.59824348321288,1,46,0
25,96.56745572656469,18.7362339684745,2,94,0
74,150.32319947760365,54.781506550370175,1,119,0
55,93.98318189307219,29.841090788050355,1,104,0
28,101.89524241384224,7.941252701271219,1,25,0
43,110.17799339197256,37.62727607320848,0,60,0
70,171.353805073172,9.783173276177875,1,63,0
40,44.40589363879526,11.84733202861934,1,35,0
28,67.3734577890227,15.485851502074107,6,52,1
67,42.10779337240733,14.321192777334502,1,46,1
72,76.499915209542,27.586253859269846,2,9,0
73,87.53599795231571,45.04334052931667,0,50,0
72,55.420749836384445,16.97859395290628,0,44,0
67,90.63409013541325,21.201961085678953,0,37,0
43,39.4114207626634,3.4167259736841187,1,74,0
28,79.28045104929275,22.373079427740915,2,85,0
53,168.016815996408,6.495042381336541,5,6,1
30,136.1435228112441,11.865633108817073,3,41,0
44,127.4987068869011,12.809446921303312,2,4,0
55,79.88885774883542,23.176625810435585,3,98,0
71,58.556601638211035,40.65752913431347,2,111,0
34,74.43375697862876,18.820180560527398,3,56,0
32,118.2716069241594,2.1019943955903626,2,113,0
59,154.72707118906675,80.86150175777505,1,75,0
18,156.09469668541283,7.310065286116888,1,104,0
50,145.22449449933333,18.033553417039997,2,113,0
60,90.49772543728224,90.85883101944071,1,70,0
49,120.98199329615952,79.94839957528217,1,54,1
39,107.14629879851016,25.487007332627098,3,89,0
65,111.95240946020999,36.599711542131374,1,21,0
39,201.48511587839252,55.671699122485634,3,36,0
58,49.5199905198555,10.682834799693667,2,66,0
44,110.61292736310956,36.62244566856789,2,24,0
19,168.46995628784626,10.128215499981764,3,60,0
48,61.36434019865847,40.589924484322665,0,102,0
20,94.25010298934998,15.06218120741887,1,94,0
71,98.83846009729442,9.67626283175888,0,107,0
52,111.06841111784063,52.53244096816418,1,103,0
39,56.16171361575131,5.350035762291995,2,40,0
45,143.81144241352158,32.02834171555265,1,85,0
53,146.65149130052578,0.40139372755138386,0,45,0
32,140.3350130007179,18.568837556669667,2,116,0
34,85.18505302835675,59.73341585265886,2,22,0
41,123.4604316314918,48.794668764375906,2,33,0
32,84.0223904172365,22.068317850863053,0,113,0
61,106.69613356913949,12.981388452803472,2,29,0
23,206.13871708683513,7.663999454638068,2,74,0
65,123.82781510385024,4.861098149344015,5,35,0
37,72.49893696051306,1.8364058628767423,1,34,0
49,127.21341362655656,10.732931564803339,2,80,0
26,65.9281629574676,4.921809688753203,1,95,0
39,72.03958429939954,39.91579620683053,0,28,0
61,78.35507456204837,0.054574745286396706,0,117,0
33,102.22762191217265,49.78688358620468,1,11,0
25,157.47875982356805,7.347323555170952,3,12,0
47,143.13592792067357,58.09634806549131,0,117,0
27,140.91981312989313,36.55119264355363,2,7,0
35,76.0430173763783,6.187168354345772,2,38,0
43,98.34742578257405,31.08912508953616,1,15,0
50,130.88004427532752,120.00766841705753,0,27,0
54,94.86720058446349,16.05059420835874,0,9,0
56,108.86534238795606,11.86143391386452,3,43,0
66,137.654347701198,36.856749352590434,4,36,0
21,106.04909275194792,43.16622430369296,1,19,0
38,129.042383564081,22.77957623784472,3,86,0
18,183.70913824078275,1.799340802480023,0,5,0
18,113.1256480405201,0.5168136962879543,1,57,0
30,167.17351238876824,82.18554483901481,2,37,0
52,142.37480269229434,24.5498108784315,0,78,0
68,61.31032026052934,10.767019038939324,3,41,0
62,75.91451882945904,25.404951120230475,1,57,0
54,86.65616467720415,23.274347518201424,3,97,0
62,85.80660332268866,0.9080017074622073,2,18,1
27,116.38841015572743,2.9418827676070656,0,52,0
65,144.58576192327288,13.355378857035507,1,67,0
68,170.2063366681889,124.59737518653931,3,88,0
23,132.32700354900328,12.342017963197204,1,64,0
44,102.17281775787161,29.608828411348963,1,88,0
65,36.710350254805036,1.9229971687723382,0,95,0
45,122.82358301669352,12.881946946297337,0,94,0
65,121.03080774779966,13.074840984641467,1,74,0
71,127.3171501415583,36.02269650675208,0,110,0
45,204.24961190813332,9.900563904348932,1,3,0
21,169.62386184772288,75.04283863878777,2,60,0
37,151.40243672999944,3.826175156002956,0,96,0
30,81.51691479713601,61.52928563415641,0,13,0
45,99.48021003213026,3.7968446453417886,2,98,0
51,116.20621572285991,58.75562669178031,1,5,1
44,88.98371503958586,19.079015859975065,0,94,0
29,140.01858099940472,140.6873906618456,2,23,0
35,134.27635396862817,2.6533352536092236,3,80,0
56,76.4676882778123,29.004500665491154,2,99,0
19,167.87266836384498,106.65403856155373,0,97,0
30,124.09241335235441,24.34481830813968,3,69,0
68,50.837154130309955,83.96458694608627,3,109,0
23,117.94628566620122,4.509278450746534,1,17,0
41,131.2482582369162,11.744242054680178,3,29,0
29,158.91169445742963,10.487364613003013,2,16,0
23,106.50094387493534,22.716645540294753,0,86,0
42,153.1175306978883,15.040234098717816,0,107,0
47,127.48567947080863,0.9059877838683924,3,111,0
28,67.39781563849682,30.674665498529457,2,62,0
22,63.39332906069945,13.171667977398256,0,16,0
25,164.90239480597396,88.50383159625886,0,21,0
55,167.83936713527078,9.626740373860157,6,75,0
67,132.9163692161889,41.873425487218604,1,107,0
28,179.82826884720114,22.91396449827888,3,118,0
36,162.26439396166427,65.99217731976665,2,86,1
37,147.34514917918884,7.290706248292765,2,105,0
38,83.54754045065312,3.3028361164807047,1,57,0
31,189.25715004129376,4.829590227977799,1,24,0
21,141.45205728833093,2.9297758903550095,2,56,0
47,104.56644901553514,31.29132499665146,2,12,1
38,93.26919978778808,11.151271726693682,1,81,0
37,130.27135126055427,50.62241116923525,2,40,0
33,53.15763660646181,22.505776419574193,3,41,0
70,147.9869310141145,81.02862079989944,3,1,1
52,81.85716741223894,12.450210308614718,3,119,0
41,134.82432435297147,7.506048219295967,0,51,0
29,99.13518650567362,36.55972106762499,2,94,1
63,109.42325149101185,0.00651904724496575,1,62,0
68,89.72360508939741,103.17978866058431,0,77,0
19,113.55082275276794,0.4909174407503217,1,56,0
70,195.57518184069414,25.39703481978824,2,82,0
57,175.40238508194562,31.042764012262765,1,24,0
23,134.17915819981826,51.63334692818426,2,119,0
60,118.98822937740191,10.685757610675243,0,51,0
24,153.76804762771542,18.443513055180375,1,2,0
20,165.19881576430225,8.262433145395212,2,114,0
24,86.80726471169882,3.7189194680191355,0,3,0
44,116.90244529471191,41.93985196128577,1,57,0
53,47.121670817276794,33.72997610224787,2,94,0
41,164.9240844104358,75.79124611837265,0,45,0
24,202.60097030803422,10.223629362965855,0,25,0
29,123.20330498492342,6.940815172886708,3,29,0
66,34.999595003879335,6.907409695984427,0,82,0
72,144.35562066308125,0.6770262068999993,2,69,0
60,83.83643335403679,31.37676765433568,0,60,0
23,93.4660223334216,0.054301297231013054,0,62,0
64,145.06305559164016,14.464118468855416,1,38,0
57,130.182165020509,18.250635035652902,1,112,0
47,100.47564898645594,21.104472588283755,1,28,0
26,94.01577469593343,100.55220719089549,1,100,0
74,125.0334422088333,0.0014098882831606048,0,93,0
43,103.6213778995053,5.861024047738237,1,1,0
20,75.63051465587971,39.386823578396715,1,21,0
29,106.69747274086559,46.95551375498354,3,66,0
40,133.58370493020738,57.8961177800475,1,19,0
21,112.87586132721466,40.50351231548793,3,102,0
36,63.45965607007259,10.534088937696355,3,53,0
44,159.56258485502158,37.06121994968339,5,100,0
72,10.447542522266659,56.17034249873163,0,15,0
22,102.14539379886259,47.09869007742312,2,3,0
50,95.19206181784337,3.965389543959276,5,77,0
70,125.92715511485659,7.7521278837956435,2,96,0
63,142.46647231210943,4.949728501782971,1,119,0
70,165.0705923304414,57.11385559470068,3,94,1
27,91.5038050659136,22.710331879402887,4,90,1
63,143.46329349333928,11.4736390419166,2,7,1
73,127.83273551525845,5.396187442326069,1,72,0
36,51.53842499267107,2.457776230889455,1,85,0
46,196.02161021736438,37.53627768546619,2,47,0
48,62.448994910392024,2.7059557803066774,5,119,0
46,136.7798908923886,26.015783424708086,3,118,0
34,135.59839776790992,8.81920352983938,3,102,0
73,131.0254712931631,4.460202166543917,2,105,0
72,100.2169247135357,0.12602698490279693,2,68,0
39,153.09010604562008,13.475621745292674,2,98,0
63,57.58530104227618,16.170165198748915,0,9,0
40,117.36684845304308,72.42022964187552,3,28,0
63,97.44501293790165,13.462865413798793,2,80,0
51,92.90808231731873,4.860995876499037,5,15,0
44,137.14991149814182,28.36250874933147,1,97,0
25,163.09914170878733,1.2134425032653444,1,22,0
55,106.26976952652535,87.52569654718623,1,42,0
36,151.2272435970311,62.24414211638268,0,31,0
30,121.98962661778394,39.48733312177831,2,65,0
29,84.29071163047965,74.61348509634684,5,10,0
73,109.68191627035745,18.202608444214405,1,97,0
23,108.0205643683354,53.21120493889695,2,106,0
63,92.13360349978214,19.42167179182639,4,89,0
67,137.13931714623334,156.73759170918353,0,23,0
19,129.38584750819038,22.826771492526237,2,35,0
51,56.37401206922328,25.62679652309832,1,27,0
50,53.93896019042569,22.210711191337612,1,72,0
38,136.98737812823018,29.22536243596485,0,106,0
56,87.3885428482186,108.27298015891968,0,105,0
41,132.08164620401297,4.2431785419604475,1,115,0
43,151.23726312436753,5.83324301063114,1,83,0
42,69.16188650377762,21.938832842857845,2,27,0
63,63.5385098169526,23.070009554923928,1,48,0
54,186.9772672958118,13.483002351081879,4,36,0
39,134.06283131849835,3.8765354866231236,0,8,0
70,103.23037373306917,45.55946059643149,0,96,0
63,82.64238189414945,8.454788830110617,1,69,0
71,99.58236604370882,47.83907701852896,0,116,0
59,72.37710655546759,132.40280081568167,0,101,0
40,155.3364869636236,75.02171659800553,0,78,0
62,88.92995385574716,6.823820432766482,1,6,0
36,163.7413835286507,8.72625327453097,2,53,0
33,103.97484320919955,11.77084776746835,1,57,0
43,78.26599265530741,40.45725217894506,1,81,0
73,102.94793647944795,46.712141103930726,2,68,0
50,15.033328899943328,1.4982121701717828,0,93,0
39,115.16925693303972,16.13949726980922,0,3,0
44,113.19523235479366,64.45046657903077,2,14,0
34,152.9897098619187,26.191478703864185,0,114,0
55,44.54780288066482,26.61439586543106,1,52,0
37,166.47465443454192,8.496561017347151,1,98,0
49,152.82397179990625,15.814481093550674,6,103,0
39,170.0817425479465,35.79547835004237,0,15,0
36,117.8911449598345,38.89728201912344,0,84,0
73,160.55587336411023,60.304636662991776,2,21,0
37,61.15023860372379,3.0564489029995885,3,19,0
22,148.52190260818134,31.004212352954465,0,30,0
39,89.1534895160022,24.971579191840792,1,90,0
48,53.94392670308255,4.431598165326492,1,12,0
23,75.03437927342557,20.891770198428564,1,80,1
35,120.22124554517082,21.07378390721596,1,46,0
27,87.02803167129586,3.915770714899633,1,32,0
46,135.042941267832,12.233897771593266,1,29,0
59,47.67049779983931,77.1652430605201,0,41,0
73,34.91609825536554,63.92344795945594,4,42,0
40,174.89549736574304,44.430360381661195,1,38,0
67,156.15200517605737,12.193904882482968,5,62,0
30,78.0281265634477,19.000956178874425,2,119,0
62,119.88001426117842,97.37368340415425,2,54,1
50,160.78028240805295,73.11289528995087,2,22,0
61,136.76802433162422,52.663108617506055,0,73,0
61,125.92892384733914,12.75542622424603,1,99,0
48,163.8061632525039,5.749013368716374,1,72,0
32,90.77150099195119,4.959642401627747,1,64,0
47,121.24713794658514,0.9108044351771303,5,80,0
65,119.28605446830433,22.688905621961652,0,105,0
73,109.08951809315829,26.586137662237192,1,10,0
70,104.40777954316991,82.86604913807136,5,117,0
28,122.91472951313963,28.167957653210234,2,107,0
52,121.37629983942111,7.179350142452289,3,115,0
23,78.06289429861897,45.59814114113925,0,60,0
56,152.0718363960179,7.750109679482861,3,102,0
74,80.94459168934966,65.12314228202571,3,10,0
20,111.27066221811305,1.6543174230058628,1,50,0
55,108.18878109119794,8.854063333875116,0,105,0
71,134.32414450636864,120.86115839994089,1,33,1
66,35.23584239130669,12.752787004260881,2,91,0
40,155.63639259717831,0.08431887206474295,0,39,0
23,92.92038609551344,11.040503096458664,3,71,0
70,168.79853179108215,13.978186966918006,3,78,0
70,100.87340301935382,8.156141331874721,1,105,0
51,118.04625657063958,37.53499677405293,3,41,0
73,196.55144160273693,23.0148837468176,2,94,0
18,108.90647164825326,33.41347971401432,2,52,0
53,169.55399538693837,32.02405711522363,3,47,0
20,121.5618034225824,0.4139753646472008,3,10,0
71,136.6167532117396,6.837949378726293,2,10,0
56,122.79834357645498,60.30758891004016,3,92,0
70,153.91406505200496,64.68568378872733,0,13,0
50,92.57873548587796,20.128689057968227,4,14,0
22,80.63805907923259,14.291981506410941,0,23,0
19,94.45695238491913,15.99521394215895,0,41,1
37,123.98841505296365,16.197762938996025,0,20,0
60,111.16724857798683,74.49134613245582,1,71,0
26,148.41099505884705,0.6585357447459628,0,98,0
66,172.1892679928608,26.830873390073823,1,64,0
31,80.96646651059966,12.414494621781106,3,80,0
46,90.6420483354427,62.5180721879278,0,107,1
29,62.55042326748584,36.324330798464146,1,107,0
44,201.21491963036416,17.719777233250515,2,79,0
43,132.18677996487307,37.65745860452444,2,9,0
18,139.19209280206312,117.69057094394589,0,94,0
50,66.39166459875807,11.333653453057241,2,91,0
62,119.95320043972501,31.876507037741074,0,37,0
71,140.3699193765234,81.21868791006466,3,20,0
36,109.889692378623,48.08408948313095,1,16,0
68,163.02822499305577,3.307915598248615,2,33,0
68,212.4732450257132,45.69996767184096,1,89,0
74,82.11748691624193,30.081160610585943,2,113,0
39,79.11651016093214,60.34544247136558,2,19,0
66,84.88975737885693,18.562173520719437,4,50,0
50,184.2479664006596,20.217279182500818,1,100,0
21,161.69421268118737,47.452810978567456,3,11,0
33,114.57888728825407,11.161505334312093,2,113,0
56,121.46238657603497,25.13259947787556,0,3,0
27,87.33825495213114,65.73648447593865,1,34,0
42,155.60108630972735,2.123404435237544,2,4,0
62,104.80392703565785,31.745892886491077,4,91,0
26,109.59693842180003,112.53175169446,1,51,0
46,144.35159086117028,24.001931889122275,1,53,0
30,112.48020247667115,43.63653250409214,1,66,0
48,110.60136026008614,91.18749415387666,1,36,0
31,120.423008221163,11.873153736948645,1,91,0
73,151.81421655172306,1.247829690844499,0,52,0
22,185.85972301935334,0.5517208268535386,2,95,0
72,143.41944928984327,10.244309220786262,1,77,0
63,152.13256894497067,128.09899035677248,3,81,0
66,112.00583751595502,11.85173624791276,3,118,1
66,91.68808547325132,85.74432934455308,5,61,0
28,146.15944928940462,11.3925997833169,1,36,0
71,126.84963298402286,42.77155481448483,1,87,0
51,63.09485405001003,0.8940452671403567,3,85,0
72,106.87721506297608,24.701714155777516,3,58,0
68,116.68411906073786,18.49021257234677,0,40,0
51,99.58168531886085,1.8775739629993082,1,111,1
39,179.26942378168508,53.29650413581429,1,30,1
24,139.19356147608866,23.22356400397416,0,10,1
23,174.9269967155459,6.674370288719022,1,76,0
40,130.53701046608637,30.66045218213962,2,10,0
64,123.2555134570031,37.830723311157676,0,91,0
46,82.53608729559004,7.727082165012122,1,101,0
45,120.47718132786267,5.755144517460709,1,86,0
31,120.52215702701761,30.03969279334678,2,29,0
50,65.31544463863068,56.207513461513564,7,113,1
54,98.41890120918421,50.49160521317541,2,11,0
73,107.06869605934551,18.548581033696188,1,13,0
59,136.53918176222885,20.50160106149624,1,37,0
52,138.45400447942825,26.14355551159608,1,65,0
69,96.7472607213918,0.9284015376629796,1,85,0
42,138.7547841016754,37.29045949431631,1,35,0
71,112.71684282605932,35.28972307200753,1,109,0
39,10.0,80.14969926316695,2,98,0
25,100.61191872193831,152.54885975693898,2,28,1
41,163.15954560569514,12.230686798186587,1,8,0
25,52.72776973489282,10.443896023314062,1,84,0
24,124.5076480166216,16.1001713361337,3,21,0
68,183.4104485674115,6.655220170532465,3,34,0
63,89.57548187958076,5.727140416814182,0,92,0
30,120.08596321710743,19.766125236245465,0,23,0
65,67.83934971088314,52.92121840923552,2,43,0
21,185.08924566654287,50.97842562957045,1,111,0
34,116.66669492013543,11.832366138001436,2,82,0
58,121.86507371176073,1.593868503542014,4,74,0
35,174.1720186202249,3.4181207299769976,0,119,0
59,146.45913578581923,5.896196291287654,0,92,0
67,84.97485070013042,32.833677884265306,2,55,0
21,94.10888303650736,12.554519104757524,4,80,0
19,139.79725218093193,64.39595338795438,4,64,0
71,95.0351577974824,26.010849887302673,1,44,0
47,35.31026751517892,4.156137318921678,1,117,0
46,117.8703680544369,1.2531104131646513,0,71,0
44,60.79149355500762,28.429976884506285,0,89,0
42,184.65127014254904,1.3051235545049729,2,49,0
57,127.07150551052611,14.911193798408181,1,24,0
51,83.79299773025699,9.177249889432986,1,15,0
27,92.05470341350185,17.352258121729196,3,96,0
53,44.42409648504318,19.151625810605847,1,63,0
56,76.02152452877985,39.180227191459146,1,62,0
24,160.65292810162796,7.7117804296509505,2,15,0
39,209.27144581969566,111.47815812631583,1,94,0
63,149.05586052795834,42.826270383748586,2,32,0
53,116.31829845515884,13.431562680097825,1,72,0
25,102.72162497384333,0.19168801606903868,0,42,0
20,81.7401674569455,11.850887631857363,2,28,0
51,202.3906359735896,36.77990325859134,1,20,0
44,112.450051925425,8.472535435373839,3,97,0
72,204.62519320250016,6.044057846453128,0,12,0
47,175.74078038440246,49.92312266108064,2,1,0
71,50.36814274614906,44.72297506086426,1,37,1
30,93.36190416962833,84.77550953065956,1,106,0
43,93.2381950330471,6.74970830821945,0,84,0
25,116.80614543577042,38.334613934926345,3,98,0
50,117.58742987544986,7.865272500787412,2,25,0
28,239.8495638159257,65.4913492153007,1,116,0
46,76.91088502100965,74.77920751071755,0,15,1
37,129.1587974265756,34.01513897466895,1,5,0
28,144.66030969871213,1.6681380461807305,2,57,0
23,119.93711982123216,23.88939293902185,2,53,0
47,124.40722311125432,3.173912728127409,3,35,0
71,78.20764422773651,2.23239607898103,0,21,0
29,124.25944778410727,5.859515802819689,1,39,0
41,140.45595984697488,47.37494898998568,0,45,0
30,133.10402337084514,17.250140125953337,1,72,0
64,142.80803615648367,86.49456032132446,3,43,1
41,176.50431602544927,32.50786298426889,2,30,0
73,157.47866167657367,8.919373369719965,1,72,0
31,122.85178453989748,50.158755012274455,1,70,0
22,73.12966592466888,6.5704314183822525,0,53,0
51,95.99978901155522,5.140360142894243,2,14,1
55,111.21475392330339,11.032388391135218,2,115,0
74,130.0938332536579,66.2925334870673,3,62,0
67,100.8666895400242,171.73961613188789,1,34,0
68,82.57067203262594,0.5134315041132718,1,87,0
54,72.47205243518651,27.167113029879197,0,50,0
38,53.95288963777875,13.242658461871535,1,20,0
42,110.60197184901725,57.493304368515886,2,84,0
25,61.2133823171878,42.51044543326396,1,12,0
42,79.97897263370432,3.635925363044839,1,33,0
38,104.2439250862279,13.48534008838364,3,79,0
20,66.56330762434266,0.8026372428301706,1,87,0
29,135.19008753994788,5.264042984954375,3,118,0
48,149.60892254422748,28.297992885461326,3,85,0
39,98.02291920898406,27.300444427771808,2,28,0
74,102.51890769559992,83.13759611793898,0,85,0
45,141.4971908055631,19.927435492039354,0,90,0
72,91.44019611061285,3.739713821857919,2,81,0
55,88.6906435361082,25.92754639907439,0,89,0
20,167.8599391274516,35.27471188056143,1,98,0
29,155.3675095485115,8.524039618583673,0,68,0
58,144.06200009375678,7.326339049832062,0,119,0
49,157.02578485576373,32.44960235532492,2,77,0
35,40.90885098530548,1.657143504140479,1,7,0
47,174.15342187172428,79.23360028799821,1,21,0
69,135.6824846633497,31.874585988460197,3,60,0
40,160.4312553602294,12.520133054489794,2,52,0
20,135.48647116465452,14.38895343339519,1,97,1
35,121.95699298720625,9.452183034182465,1,81,0
71,108.98763150551781,1.0602787705398173,1,1,0
61,134.68577507544822,48.30641459194401,2,55,0
65,107.53008364381792,7.134970226377923,1,65,0
69,154.7150440026045,21.71663779522742,1,117,0
24,56.54173421791199,7.229934401819011,1,79,0
34,98.33696552822889,40.85693719706717,1,22,0
21,201.79292993906586,12.256446223263385,2,23,1
18,94.9567814571043,11.131782761574874,1,38,0
65,110.45265107746089,21.172711333768806,1,48,0
71,84.69676266599694,21.3639137644427,3,13,1
26,133.43382691543295,89.61677061842266,0,94,0
59,90.5494043943122,22.031955605995776,2,9,0
48,112.575562607718,5.100968215364739,1,8,0
21,153.95466144140283,4.433873875461017,2,16,1
70,92.04946324740737,81.48289118024881,2,17,0
67,151.54444477060883,82.09045516412553,4,68,0
50,152.88917262241426,15.862561466505767,1,98,0
58,162.19824378877175,27.739893989810906,4,113,0
40,125.62163979672161,6.948335400028409,4,97,0
63,249.65036307907144,0.43697542117911553,3,82,0
43,162.18134786168326,11.647374547069283,0,71,0
74,132.99510497627307,47.323791665465805,3,37,0
21,84.9630234367306,21.047989791835132,0,50,0
27,116.11763496503436,9.730216231417902,4,104,0
73,177.05307907600135,10.297747168262768,1,13,0
34,188.38138462505074,62.66598826579347,2,99,0
35,179.13316401760918,7.485216700320094,2,97,0
63,151.4076922691848,3.758687315798617,0,7,0
28,69.77359174817713,27.602950265805724,3,29,0
47,139.4864727130268,7.907235815730668,1,37,0
34,70.34390487788009,100.82905265296208,1,109,0
29,60.50115226476966,25.250297478098425,1,53,0
72,129.56634738308955,156.05464624194812,0,93,0
29,140.92797789079003,0.8490116145556552,1,72,0
23,156.13508393923217,42.08948306788573,1,10,0
56,139.88544961544375,143.10095131705327,3,80,0
67,141.26343942970993,10.819805026488124,3,76,0
25,80.61389660030494,38.68260434079998,0,104,0
58,115.80093261261335,16.491836343731975,1,110,0
48,59.715328574620486,1.2205306367409479,2,70,0
65,39.86523482399218,30.662381814652555,3,105,0
25,149.62570839372296,10.890965541736243,2,17,0
73,89.87502424836165,1.9675907574487195,1,73,0
53,154.89994008572214,13.395394776201977,1,69,0
66,164.33390311520157,13.06140686517981,1,21,1
38,95.22730701507209,2.4591958806376057,1,65,0
71,143.61244378221195,10.708190083223103,1,81,0
53,93.55373085545433,40.64212079829939,3,50,0
25,46.16484501492704,53.2666743911418,2,80,0
70,124.93237617769833,45.04438109888455,4,89,1
63,101.16504481136957,28.494635563619813,0,71,0
35,102.39643957651472,106.19641266606297,3,48,0
49,199.01372471382103,10.725337481972684,1,32,0
40,58.96572069069313,12.72484236664468,2,79,0
48,135.31484541485884,32.9144693951488,1,108,0
73,80.20771051420994,19.932188282349586,2,55,0
69,156.33045637069296,79.2657982541348,3,60,1
30,131.93724944700264,43.80365747162092,4,109,0
73,135.17377396722455,42.661696780146734,0,36,0
42,82.2044152959096,62.3348918636825,0,97,0
58,89.37648346846706,33.51085103502512,2,31,0
61,157.09002029383544,20.333839772462497,2,31,0
45,190.8319088691025,23.467580398041477,2,34,0
44,139.21231268896747,74.27794014184893,1,7,1
44,84.10317116914268,0.44213365849208003,4,55,0
67,133.55754089848273,15.615678154603529,2,43,0
40,217.0988817735044,42.38320345556506,2,28,0
33,124.09691242875647,28.7346601864339,2,91,0
38,178.47363437574398,2.599565220856535,2,62,0
29,90.38682536645152,62.39626568117894,2,24,0
40,118.31655793454453,17.39827642147312,1,23,0
24,144.7826082450217,32.217740712048844,1,97,0
23,135.89313233051456,0.791053719929735,4,33,0
59,89.34445279555356,42.25326225675808,0,47,0
22,87.61930171477601,48.24607921863722,2,15,0
50,159.53137612410634,6.376150799879262,1,96,0
62,167.6620325060058,11.058018385449616,2,43,0
59,180.4857423248768,11.340334793780748,1,84,0
43,192.1572193301147,172.23803767747717,2,49,0
29,125.38477745290386,9.121452998194808,1,96,0
71,107.55203023073626,118.80731298819812,1,49,0
65,174.03963755113875,10.836424877092988,2,107,0
52,148.52277127406347,16.108779769266025,2,87,0
22,80.70178965329634,27.247064577927986,0,58,0
20,78.65457337924354,59.87172014654709,2,58,0
35,139.67720805425236,53.535183594596205,0,74,0
26,112.90901354064002,25.537726898050977,1,83,0
67,118.9428018103721,23.928486564516813,0,85,0
29,162.9013345884078,1.673691130599144,2,4,0
34,150.36148579940144,21.88357922159898,2,32,0
73,173.19492993673725,22.576610558748897,1,52,0
64,42.73855574506534,60.71889535322684,2,64,0
30,130.13591668884803,11.710341411601902,1,11,0
39,147.78754089588827,15.338909610475518,1,24,0
47,58.93656573249264,45.27214844813816,1,55,0
55,93.80417434760112,8.343678213483974,0,54,0
71,86.38059350684324,44.45107464334391,1,74,0
67,120.86792684239664,3.2842128871625564,2,9,0
73,185.11415874776256,24.02971166353946,1,95,0
20,200.903576186596,1.5984147694988635,5,36,0
31,87.42849787706871,95.08543354808707,0,66,0
50,141.06229001974296,60.183676396213095,0,113,0
20,142.3519140856926,34.55680103144632,2,46,0
38,135.5050308605899,20.276755308866786,2,38,0
26,135.95918538956937,94.74565220983195,2,32,0
71,132.14970009805313,10.743138751379478,1,78,0
21,187.5028048322568,18.679751196884215,2,114,0
26,164.09866057472232,2.9436105959203522,0,67,0
29,77.59384409606932,19.140900800752643,0,24,0
26,151.82884323522197,35.81123878244481,3,113,0
50,155.69493498045807,31.59701872320237,3,6,0
38,132.59869148607154,73.46909550181242,1,49,0
70,165.25697482010918,96.98469205900594,3,15,0
32,127.52296137196149,43.868045295493005,0,4,0
48,128.01870884305004,6.837886731840562,0,119,0
55,124.84962178708173,27.854722915455206,2,11,1
53,39.270236568013246,130.15046628694674,1,108,0
63,116.78406424376504,123.4133784530121,3,65,0
29,93.26997702181717,40.23590318344424,2,39,0
46,72.5420808722977,15.251457963413005,1,103,0
63,177.3607313895809,12.229866748690245,2,1,0
67,140.16830074137832,6.69484204810666,2,83,0
53,118.80675676221809,2.783560115530539,1,92,0
55,97.40786595590295,35.68504167577801,1,44,0
67,131.84678338514962,41.4094302840532,3,36,0
53,159.65744373270053,25.37295080995883,2,2,0
72,86.92136625812236,98.21239535251117,1,3,1
25,119.8068651089356,72.6961200544105,0,6,0
37,154.7226599540469,61.73952991759221,2,55,0
24,42.5599548366348,50.41019180831737,1,64,0
23,117.69720950378384,38.285680994189136,1,51,0
44,102.82834517809846,6.366097471315774,0,84,0
30,114.64680568979864,13.478531327530145,2,44,0
41,99.93485774512388,41.72429868577659,0,95,0
42,125.50498420829183,33.70691113879548,2,78,0
53,196.9450888169087,17.293481683408732,3,112,0
71,107.04310104285796,1.3156173533597666,2,87,0
66,131.66844036376426,13.709605327375161,4,16,0
39,199.78985673636453,61.68628924251242,2,67,0
36,97.99937686509779,21.107117111178148,1,79,0
61,192.58701395715877,13.523681894850371,2,2,0
25,120.21292026508429,72.73632308261068,1,6,0
48,191.27584903459706,54.19299260260493,0,3,0
42,150.00804499785278,22.424492506350116,1,21,0
28,132.28433450329686,3.9520714385188174,3,105,0
53,117.37477272453654,30.71972212922228,4,29,0
36,95.03834240483158,62.2367310827861,1,23,0
28,123.03166199857411,18.07055267953265,3,54,0
55,155.89445836080097,7.008958244243804,1,48,0
27,119.47554276013318,58.64594503373772,2,119,0
56,107.33508779752569,33.22554658229013,2,13,0
27,109.96869863288909,44.6544982770457,2,101,0
42,159.69906454332212,27.843363843083544,1,28,0
64,169.0064582039942,32.39392734576828,2,37,0
31,93.31397944926519,3.2832112248192944,0,58,0
61,93.2564857021004,68.11256974068212,5,117,1
59,135.17435678668448,20.897319745158455,1,29,0
69,181.1012825902902,12.707206415304722,2,41,1
27,165.83961233250238,10.418176735538879,4,79,0
58,69.92591151280354,46.257949994189985,2,80,0
71,109.43696120032551,17.569905565592954,4,44,0
61,82.7758578124195,30.65610508055859,2,16,0
28,109.29949912338967,12.07133669869132,1,94,0
64,184.1763998414142,18.79248466842626,3,108,0
24,63.09597404867931,9.713285568581766,4,72,1
51,55.2453882687924,45.85912755478006,1,104,0
46,86.8578338626559,72.75341028605762,0,31,0
48,131.49242410303972,3.4700669261444403,2,103,0
47,144.83019282563026,26.565529152945203,0,97,0
19,137.49793739446133,23.298917665555273,1,108,0
46,167.02741612924066,19.32445439114698,1,111,0
71,49.476576230642834,73.46834121423237,2,42,0
42,167.53346153435749,54.63529800342325,0,15,0
33,107.51618719814834,17.855058843755785,0,90,0
74,149.2597723921947,21.96658467062571,2,80,0
23,67.06298292947181,3.6767620275338033,2,78,0
45,120.1982678803628,0.8308949522731378,2,76,0
47,129.45083082356055,34.94881562340932,1,5,0
45,166.23004149993673,8.988816738713794,1,80,0
70,56.58981509568939,14.7299199664297,2,58,0
42,121.23010194139617,63.16629611746683,0,4,0
73,76.59058835431428,14.02367562331218,0,102,0
21,140.219841768331,75.3795460382458,1,4,0
59,151.08866145824504,29.16863859281006,1,28,0
51,171.4868097003235,34.07689633493409,0,36,0
31,98.59882182766502,15.233056371990589,1,94,0
30,157.0890594275516,61.995742600595975,2,10,0
59,174.43606349908214,0.8966263389927741,1,46,0
54,54.27012120578132,57.55442473065716,3,44,1
52,144.493796803938,22.9884929026382,2,50,0
20,158.34045015120424,34.254188718071326,0,104,0
52,109.65094454450251,109.43602576797466,0,39,0
73,71.56905689899565,33.81922988610614,1,43,0
18,157.71823024438652,31.418773298443543,2,49,0
44,72.01964689768973,13.40996279298996,5,47,1
46,112.86594261956391,5.281990376707117,0,114,0
69,118.39503768786683,11.253395087349372,1,32,0
34,148.62152206815998,76.72988920030204,0,14,0
45,94.93473761949869,128.16888082733857,0,51,0
58,92.6166524468858,19.164314302578116,1,10,0
21,123.95661915052443,9.009695393299372,2,95,0
63,160.25561910478996,18.860325000907327,3,107,0
64,211.49800002612588,90.21947929887533,2,99,0
59,59.70075200884902,2.102931895241455,3,96,0
54,132.61368071146313,2.677278149476178,3,51,0
60,76.53859895062833,18.78743669596488,1,84,0
62,160.7524497282697,56.46566240921313,1,48,1
69,82.45821810763067,99.69841886586983,2,102,0
42,93.01407127270704,46.68984703641891,1,24,0
43,96.42916563744015,16.391150277418053,3,17,0
54,116.95204245120784,10.372950788742706,4,117,0
29,132.9279038743483,29.210541212224214,0,43,0
66,139.34805574434054,18.051166319584084,2,38,0
61,119.76929815268868,16.1760064458364,0,80,0
53,66.80435910237675,85.92289231481206,0,41,0
35,149.11144601240755,9.63032828474838,0,89,0
37,117.88165345347889,68.37058997478361,0,52,0
42,166.46939160058795,28.389529079076745,2,94,0
55,91.69044882080253,9.994919948519568,0,10,0
62,55.909010905960216,22.79268720404626,2,87,0
56,118.638959892677,18.841887942864542,2,40,0
71,171.8381075313706,5.183961598169199,0,51,0
72,126.43768546464203,2.531958308100226,3,111,0
58,112.01320803308573,15.156367818731123,0,58,0
39,85.18611929370267,69.43906142843073,2,9,0
52,190.3106586672329,19.623488767170844,3,55,0
42,78.81589620460883,0.26164471935122063,2,29,0
53,90.98422969487041,17.15440546179847,4,57,0
64,142.8013678433609,3.035258557065465,1,26,0
39,45.759172404528414,24.68950577085454,2,77,0
46,170.98362661525357,1.5628184357733392,3,28,0
20,144.96772456869422,11.135934999590175,1,56,0
59,155.9692428724444,79.71310280105415,1,114,0
45,142.32468047798616,52.26531974495445,1,76,0
44,113.5550593017452,42.24218398259016,1,85,0
48,77.47405159378309,85.90131877350176,4,92,0
30,114.39698235100157,20.704013179987186,0,110,0
52,80.9905475298946,2.8013413391643667,0,106,0
60,139.44621240305534,30.94431003970621,2,103,0
37,152.27119322192408,97.08256007094863,3,41,0
25,179.0723452479283,14.982147826190868,4,75,0
40,134.87070562211454,43.19113089958508,4,98,0
29,156.98301426380743,12.150845410760128,0,67,0
39,108.11421051079431,11.002073573930716,2,16,0
53,100.86891447967221,58.66358588872336,2,61,0
24,138.94687563267206,35.58823876547914,3,26,0
60,104.54108509132365,159.97705970786748,3,83,0
30,130.76743155310632,14.38338129472837,0,103,0
68,77.55231242658316,2.896997108063539,1,84,0
59,84.73489270094797,93.94148486155751,0,66,0
33,145.4163720407316,35.34201812841652,3,72,0
50,155.46760301624386,64.18479233798318,0,65,0
24,80.57375324133278,29.912507387364766,1,54,0
23,146.82457242025683,65.81376137047023,6,28,1
72,98.69057307858901,22.924601415606222,2,81,0
63,120.6602070480124,6.464811973496564,2,42,0
26,176.67777663162587,21.490910674957597,1,19,0
34,152.29948936091793,7.131584472960876,2,96,0
29,151.8348795208877,22.68658248286531,5,66,0
40,196.35161433827867,2.2297323451756736,2,62,0
34,91.84482635800809,56.012950321655325,0,62,0
36,80.56500100029817,26.085102685607808,4,10,0
48,91.11510919085637,29.32737355719042,2,64,0
28,109.8199578637354,14.598348602313473,1,65,0
68,25.81797542832426,19.82186853252846,2,61,0
59,111.70287053212759,93.3696300338325,2,1,1
61,98.21717072420353,15.827418604735108,2,90,0
27,151.35039069591195,30.8917343096173,0,74,0
58,134.0967751604016,36.484555818156956,3,91,0
65,95.97213488922652,65.88675436676864,2,60,1
27,143.59843381451617,18.727775779146448,0,40,0
60,148.9305223929508,24.507411109319264,0,100,0
38,89.25816840834358,30.105657855844136,1,42,0
62,100.27902978470325,7.047051212979111,2,54,0
45,30.98547251608069,64.59335376325606,4,2,0
63,76.37360102522861,13.93269391138092,1,20,0
26,90.30121758305687,1.0902911092249814,3,14,0
40,122.96664706424087,8.323313871146134,3,51,0
33,82.18469282560739,22.653004824658797,1,32,0
32,99.46192051803564,17.81350364761749,1,40,0
35,70.98677273669604,31.13615990049027,2,92,0
39,126.84455594125083,15.934570634471878,0,82,1
25,137.0285837833963,27.791719866790572,0,95,0
58,136.09461393679288,58.387334898864935,3,98,0
49,120.49444527621037,6.083665229439584,2,30,0
65,58.35708013994423,52.47866192480979,2,74,1
58,95.20185344428597,17.456614649187177,2,104,0
26,103.70773310726062,102.2984889749871,0,37,0
21,103.86818748317499,24.85042381855136,1,45,0
42,122.99924871959345,4.4611301414718945,2,64,1
45,177.02165489484076,53.39295724452156,5,95,0
31,152.48384850738398,28.946769719007744,3,18,0
62,80.49928880605222,48.83721281654706,1,56,0
51,147.13611501186534,3.2426147701154484,2,29,0
60,145.61209470662945,2.1874199077971825,0,85,0
24,87.75730108193741,4.204933351922477,1,29,0
64,153.95463690541754,9.527665660883319,0,43,0
29,113.58493456218946,28.22889776785064,1,42,0
43,63.60186039942221,9.993493548562945,1,9,0
43,138.20810898548567,42.68923431945244,0,80,0
64,128.67847294458096,2.868626666652344,1,31,0
33,110.8928948325669,3.6883096284358254,0,59,0
31,118.50187660066803,146.13892930392296,1,83,0
37,91.23658084446151,60.080189632485016,0,94,0
38,144.40522015188438,12.302002143357313,1,110,0
28,118.26197461964296,4.545362223393912,3,16,0
28,126.65795375792912,26.975292185835524,3,75,0
31,134.2856769771549,3.2626759131927905,2,40,0
44,73.81657542294701,1.7301016038958557,3,92,0
37,84.22867912471793,18.342453588775168,1,47,0
40,31.602221615351624,33.8111226501522,3,2,0
58,142.58969033961628,8.07098164117363,1,102,0
31,71.51159905012935,12.18219163012007,1,91,0
69,125.3027883958261,111.56834932273503,3,40,0
60,134.8395289975821,36.5726174929548,3,100,0
27,144.0941135557008,99.49123709774534,0,49,0
35,71.83932344655763,38.60675502678474,0,50,0
28,117.39353527437235,23.859811821185435,4,36,0
33,186.81121683150997,6.617366142608841,2,59,0
38,188.57258719937266,0.7322406489122342,1,119,0
25,159.49292376107803,20.254151166607603,0,7,0
18,133.49972555275357,80.46832679922657,0,71,0
43,79.7957444461849,6.003393143443921,4,21,0
57,148.74486501564212,5.28722831391712,1,15,0
35,113.67915085012636,43.77459154752037,3,7,0
67,142.42113101091377,3.0734673697213233,0,33,0
39,94.68626180591534,6.7553696359726,2,88,0
69,113.08267548640285,58.82585612173452,2,88,0
31,126.56589440305699,6.390724903695718,1,96,0
48,129.85112365975434,53.638593875668846,1,18,0
61,139.74890857840992,34.09025791752396,1,13,0
21,96.83220061900403,86.58384874807217,2,117,0
71,66.2686219155919,33.966070978588654,3,110,0
38,184.9914015959918,3.29822456722924,1,84,0
46,219.5701667609343,115.29649633294802,1,100,0
53,137.89682844809514,3.396034909956089,3,96,0
54,67.04031621079558,16.762239113042035,1,69,0
19,89.07219532628493,38.87806606246505,3,57,0
67,140.36470276203875,13.25322248063715,0,117,0
53,173.64462446725145,8.143322022354958,2,81,0
74,71.48437461832575,32.74922690713063,3,106,0
44,115.02668716604396,4.539440037669914,2,25,0
52,127.83728257775876,2.35036520371582,1,27,0
43,154.583138051435,15.69138691326516,5,75,0
68,106.25595622398482,106.07622508765384,3,114,0
65,57.44741234712301,32.55652104789729,0,74,0
69,144.8479023781161,6.093757997285035,4,53,0
46,164.9918386068495,69.36888323079289,2,3,0
63,116.69634153019358,2.852050101267634,3,19,0
38,136.20960365225724,92.9575660231138,1,28,0
44,101.02035082291718,29.12645083685989,0,24,0
61,86.16908821096422,2.5022890165740765,0,84,0
22,161.05702722188875,40.960140737231384,2,82,0
58,135.49983391257842,25.187920615809404,2,46,0
18,139.61474397607532,23.02418334051929,2,118,0
51,180.0846059197845,24.061261221279413,1,47,0
45,77.80630662725707,19.42662224227937,2,53,0
44,97.91894927362311,16.17415104277094,2,63,0
46,126.31733395338782,79.86720571627613,1,69,0
46,97.42747048955033,12.774476272774082,0,23,0
41,151.32546141089801,48.15762304887614,0,36,0
43,112.50403116384064,65.76036419063004,1,82,0
50,80.29868770011242,69.96970505555845,0,101,0
61,122.63086700750647,27.598465077847067,4,51,0
49,126.81355083227152,24.593248347084703,2,14,0
54,157.3872825158532,15.736896974216808,2,102,0
65,135.72563612589698,5.570610104900578,0,70,0
74,138.44585565439343,40.435413985639,0,52,0
24,132.811667360289,34.329766861011635,2,70,0
58,112.47109914832278,12.913710153823143,0,98,0
30,91.35123539554941,1.9577417116412081,2,1,0
29,131.55353406637505,2.951116297855891,0,43,0
63,106.67500936465437,18.465654014633746,1,112,0
21,187.5929048176406,20.417450799849615,1,36,0
66,173.68729179092875,27.979737241535435,5,116,0
61,145.31356529406435,8.41470148626177,4,34,1
74,135.13867757171943,54.55410394338541,2,56,0
56,116.48163796075292,18.22494114261381,2,9,1
67,69.5550507461146,16.963786483316582,4,87,0
24,111.35311106712138,28.380933810441892,2,29,0
68,124.05600133621027,30.1579831730767,1,101,0
27,129.1782589777865,50.10936513886781,0,16,0
35,138.78145468063303,2.36203823041218,3,14,0
25,156.85320791510742,33.30887945778935,3,56,0
40,92.31383713228531,25.0663632476795,0,11,0
60,92.67697571163956,74.82876939301987,2,40,0
33,178.03426718972634,15.662239644088144,1,83,0
64,150.83926356772594,32.64161480596861,5,61,0
52,104.36916231466715,66.69774339231512,0,67,0
53,115.71155324191054,68.56219765779976,2,11,0
71,115.89144213300406,19.483884373835796,1,81,0
42,121.26296489125532,2.6771466028971087,3,11,0
37,138.9073236895445,23.338686642051027,0,69,1
74,221.39970984399326,23.623861762638242,0,95,0
49,127.5902624465061,72.49812813589375,1,87,0
53,146.50392601701003,27.524262497100732,5,42,0
34,52.5409317523943,19.69843344109259,0,19,0
30,100.6040002888466,55.85912113579745,1,99,0
27,169.15260010866422,49.21242815137454,2,26,0
30,136.09261565426465,44.19404634661758,1,59,0
29,10.0,0.7656322193901571,1,29,1
60,146.96092809264786,5.957431181451206,4,4,0
21,196.72657578515077,13.82665016923082,0,50,0
53,40.163696555208276,13.196783846977446,0,66,0
72,180.7755070258205,105.1448144682353,0,91,0
61,10.0,76.17596277152523,0,87,0
40,157.51995780213653,11.928744888656356,2,99,0
21,119.65405495951039,2.2270388105705563,0,97,0
65,26.00115139021534,76.81630103042693,0,48,0
18,137.84551308959146,3.029061988268229,1,41,0
56,166.03358996608233,10.431096179819455,0,72,0
56,134.5554801528629,16.260052768348014,2,58,0
28,143.39310548238453,2.926115704512432,0,36,0
60,103.53295550643753,22.37385576193522,1,4,0
28,45.544409791159126,38.98694145105565,2,57,0
30,147.67456089348258,21.305941185507407,2,56,0
64,189.99015677785184,26.06787497109566,1,112,0
73,165.18323416909837,48.60681502558541,1,97,0
33,40.48496681594615,55.96443132922657,1,33,0
70,59.40422371156265,0.039660746631981304,1,14,0
70,86.16129032810639,42.175618415489474,2,94,0
61,56.28098194879427,16.924603548258816,1,58,0
25,121.76759678224157,74.36702206269857,3,6,0
35,135.7366322072209,19.756815029547184,2,90,0
56,62.789868670305296,7.376471720836628,2,42,0
74,151.08513837102112,21.16542707628167,1,21,0
64,144.04415776080054,116.15449454892591,0,79,0
41,98.07363500625188,33.0063214480493,2,94,0
31,113.09912056064063,63.39856430911582,1,93,0
72,42.00795297387873,9.56389294203405,3,33,0
33,106.70951374851704,14.647091095873689,2,71,0
37,120.29539896521302,25.76729026636031,0,56,0
72,126.74990380912759,62.98077810330895,2,104,0
50,135.15507648080697,12.27911698511051,1,23,0
33,129.7696697292229,19.34876447450283,3,98,0
18,109.42625210937318,0.23714292089672837,1,42,0
42,131.44779770217266,9.432608802141134,5,74,0
74,160.0812797324099,98.33352723065519,0,60,1
42,116.18007706761422,33.28777731415144,2,42,0
57,132.70379563326708,100.02528501516875,5,28,0
32,112.55315749343526,52.78407999060522,2,44,0
62,94.12964334081715,70.29052165174409,0,73,0
62,140.91518667670417,8.441386283009676,3,74,0
52,97.79096223319179,172.7565759276431,2,75,0
61,135.44587603968762,18.492952966613657,1,79,0
50,121.13021486040182,33.86937326772265,2,7,0
39,107.84261293919427,55.01179655106204,1,47,0
60,106.87428671413358,39.171237934465815,3,38,0
65,99.67516030337252,3.292561741181924,1,48,0
65,54.16795311643945,24.292818957343606,2,46,0
30,135.31580380646767,92.5168506000768,3,22,0
56,129.26187301113282,91.00893525249069,4,115,0
18,153.98681009793975,36.43096086986089,2,1,0
50,98.7417239077282,19.5617324099836,2,71,0
50,195.81534501906668,26.37951806552298,1,55,0
38,104.81056208601467,9.985710046766169,0,84,0
74,84.99561431221215,7.7296033274044875,1,99,0
68,80.2526032062934,52.37084771007102,2,78,0
20,50.643103870813505,8.936471477688361,3,92,0
29,181.3051156957251,29.58180325658696,2,33,0
29,174.84269563074648,108.36437401163413,2,119,0
69,144.0298065153903,32.53653937010769,2,11,0
47,84.15644768896881,36.70666444878742,4,80,0
59,192.4507072623648,30.62645011899748,2,18,0
64,105.93123353913376,84.90398625167245,2,28,1
61,109.23896675093391,31.587634497880114,2,99,0
23,177.49036321744305,6.41442809388854,2,81,0
25,146.35642337923488,25.06299679558938,5,76,1
40,208.04412555018374,9.480664665813869,0,99,0
37,129.9488904127608,24.52336880147998,2,34,0
60,104.118768016851,7.324454061615808,2,77,0
26,95.52780466160817,30.410350893515798,2,25,1
39,46.12015291237492,13.481633065106355,1,58,0
31,108.85616908775182,40.826304815338524,3,49,0
28,165.78373355309523,21.26664063389656,0,74,0
27,143.95336690624276,7.855254863421858,0,8,0
29,120.81232026241624,16.423155720744283,1,4,0
50,80.20262224734682,31.780067446925642,2,4,0
41,129.07492072050948,9.667994792423924,2,32,0
42,160.51254820781492,3.134517781703674,1,69,0
45,137.2287702587994,58.026186409561745,2,19,0
60,126.66940678533436,10.217886702843112,1,118,0
67,88.12169386875176,26.845531386805998,1,50,0
48,154.6872725644805,14.359249449747242,0,37,0
54,10.0,9.060539138995063,0,107,0
60,135.3138283546058,63.19392744842409,2,21,0
57,222.81287923778393,136.19052363651642,2,23,0
25,59.66506450672612,8.03755657228073,0,46,0
74,110.34522181194536,36.02570212020204,1,9,1
27,119.68356039501094,21.287079463450315,2,82,0
41,101.49668743773691,76.37224643888115,1,93,0
55,161.45496970235916,27.001622033885898,2,43,0
40,138.89804057421205,4.7638121748844995,1,104,0
31,126.09201490189277,75.10848243714962,4,1,0
70,151.8909024467712,125.94589768123211,2,64,1
22,120.67002836286969,32.373339348326006,4,87,0
32,247.19457955294055,5.314335035068587,1,45,0
74,126.05387734626964,72.60044178144594,0,113,0
59,127.81128393958818,16.15516573113096,1,52,0
22,51.58127801706898,9.329398149196775,2,110,0
61,98.26198690786305,35.542021691600105,1,79,0
73,165.8951072719924,99.80234645064175,1,28,0
23,66.5817259856051,50.612044903212606,2,99,0
41,33.69771302792181,48.13338131828283,1,4,0
44,121.292618847503,4.517167250016252,1,23,0
25,174.8297802989991,53.397282906621285,0,93,0
29,121.69524914784503,41.324758916311595,1,108,0
27,106.55501589494625,26.0894228694817,4,47,0
28,45.660482490360806,24.830397651505486,1,79,0
41,138.09016490808773,1.2591371665861073,2,83,0
44,146.4510043553218,2.8266133924247145,3,88,0
31,48.73070003595599,34.47566194614901,1,108,0
34,165.38129794788875,81.19206274104383,4,11,0
28,150.62782103568435,38.15395968517528,1,23,0
63,165.29263770189382,28.819167170847926,0,110,0
30,143.34100367333366,7.376731625235541,1,65,0
69,146.14730835245274,37.240061438530354,0,63,0
48,140.82883594806955,0.311970008816596,3,48,0
63,154.73889286004783,70.59181601033731,1,44,0
54,47.24968923504326,25.108123496045444,3,30,0
33,59.95762265513942,16.39278592225829,0,48,0
52,90.55968399240913,50.77334923552952,1,9,0
33,114.80719313309787,14.840557950835839,0,35,0
24,135.52547693232717,52.14026512250814,0,119,0
32,132.987266129154,19.554709542659463,1,20,0
33,164.68423245824124,86.47900437522877,3,88,0
25,165.93981194321404,22.43614298857817,1,5,0
19,85.1045956682483,11.370283523124707,1,88,0
71,129.54304440201884,29.619249529843092,1,32,0
47,86.08673809112648,29.884869200576674,1,84,1
40,112.47011846585734,74.22204229441176,2,60,0
71,132.8716547619398,11.148576982848406,1,93,0
30,10.0,58.64289360454553,1,80,0
40,216.44976158558737,19.893721988516766,4,67,0
66,142.656347095899,36.51797643010849,1,88,0
54,96.17186898346375,52.11646499677315,1,115,0
40,197.09479020920912,5.655911574582345,1,71,0
32,106.10275318055223,14.369613852364084,3,21,0
20,125.30077543312231,16.90856768263225,0,14,0
22,100.51536758409492,4.251148340223942,3,66,0
27,186.07967349773358,11.2088209137719,0,52,0
62,115.80061174776479,5.434221560233771,2,73,0
54,125.97936402958037,59.890274890936006,1,80,0
42,168.15128612101785,27.928427800211317,1,23,0
62,143.40557829844306,14.396918952664556,2,89,0
27,117.82607739463712,88.13278510222136,3,118,1
30,164.41563889429852,7.250814284279596,1,39,0
40,221.53932917711808,12.939152280943782,2,111,0
70,132.69641795197685,62.87236537302432,1,111,0
53,124.67040351490266,3.2528742791599803,0,50,0
66,126.82508334476326,60.116625265997605,1,95,0
32,172.4171800332607,10.91157919502738,0,111,0
66,96.03209059868311,10.124266736868558,1,102,0
22,108.86729761153356,11.582744105771068,2,47,0
30,58.50228203493435,8.622400332952424,1,80,0
47,72.64528549440105,14.11087278328119,1,71,0
20,99.28799989208119,26.75695524318669,1,50,0
66,117.76252023758309,12.437519263158789,1,77,0
67,190.76333303080477,57.155713562958745,3,112,0
48,141.439712197009,9.013109366432113,1,4,0
35,83.51685959240825,16.871862654588398,2,108,0
23,90.88078058543539,1.8365046696992071,1,44,0
53,174.98994732922617,35.93687277045323,0,99,0
48,165.0644139451677,23.14960691288021,1,13,0
61,121.12599640896812,42.72616201610797,1,107,0
52,102.29894137844671,4.694251099713684,1,54,0
25,164.99731342818572,3.248659982408177,0,110,0
24,80.26691493101254,47.5977177957894,1,51,0
62,135.6812159223009,14.021952759463291,3,89,0
27,210.90635963573325,81.5133043844025,3,71,0
71,128.2142272900583,41.04102976587278,2,24,0
24,88.97562082953583,4.8146986810872345,1,30,0
59,136.4147481068615,3.9280508195707693,3,65,0
73,101.1996512393861,39.960194839333376,0,58,0
43,64.23536624986342,44.2268419540041,1,74,0
21,148.04144107488426,37.955367723808386,2,97,0
67,164.7133760219889,36.33110469363292,3,93,0
28,107.56373311709709,73.23389809085175,0,7,1
48,104.91057303614906,64.23093303837977,2,59,0
74,81.53738435512682,18.841458438351072,1,18,0
60,114.00257598129734,43.27617862284592,1,62,0
20,97.50526468307237,23.909294200284705,1,64,0
64,79.55869253186978,4.207079751180519,2,119,0
27,195.68675321598425,74.69144362459136,3,47,0
60,138.6597126699803,4.394267195527791,3,54,0
53,142.8958043211741,49.77516588520649,2,61,0
34,155.33598275729707,3.8592485357728252,4,16,1
42,150.84144867039223,7.879118198078573,1,8,0
24,103.47560188813141,49.5157588891582,2,85,0
74,130.9021049188587,11.112413772282292,2,36,0
31,109.23878062957358,17.51020082084074,1,44,0
35,137.5385449910664,25.877473153873055,5,119,0
46,133.66763543832656,116.60150880264855,2,30,0
56,104.69358956543192,5.0885985767736415,0,108,0
46,66.82805108312803,7.031733536401437,3,75,0
46,125.84948227862031,22.42535659491596,3,32,0
51,111.82922048770804,7.429118807397903,0,114,0
66,44.385110091649665,12.293808970603129,3,75,0
40,140.3064707555487,2.45480497108189,0,38,0
65,158.61368448971103,5.477534058017168,2,54,0
62,221.13425900835801,32.91657683534203,0,45,0
72,104.35209986717356,40.84100160783345,0,101,0
70,98.45152413803729,13.70530411500559,4,56,0
63,75.62315878243035,15.33557499147894,1,5,0
32,128.34567625948029,1.3931832256701366,3,82,0
62,128.0927272223342,54.39228648483281,1,91,0
59,87.54814660853003,45.817871480515734,3,48,0
34,113.0028047198464,76.68643806444128,3,110,1
56,40.85337332442573,42.23126001777527,1,51,0
32,157.05506991332987,4.854818825590561,1,32,0
47,89.17282961311332,69.60064269353516,3,84,0
63,118.61374594348082,28.34403462032862,2,16,0
28,62.932263148088836,81.81075648138591,0,118,1
37,96.70585602153707,18.568415787645836,1,82,0
63,108.81635385929891,4.179579182147033,0,38,0
43,119.5483661215668,18.67968938784302,2,10,0
72,139.18930062090047,30.78688478225866,2,70,0
18,177.5630033394488,18.440701987295036,1,70,0
59,149.30843771077426,17.583769813542386,0,95,0
64,158.4865817258498,47.0436291449011,2,34,0
70,177.84416439772554,101.5605402352419,4,26,0
26,142.7883152609079,19.51010779162591,4,50,0
74,118.53171217524019,82.56407441729435,3,98,0
40,160.36447625020222,31.36091804640358,2,109,0
38,162.92037143846628,33.39391224127478,0,43,0
38,145.9426335186414,7.262325906692693,2,6,0
54,61.814896118555886,20.26181631354673,2,14,0
55,86.34159387621409,10.691207358440932,1,65,0
45,109.00583583878064,15.288096899423227,2,3,0
22,151.18484082943598,1.7632836888321068,1,87,0
74,119.14614323717761,20.17813210236451,0,4,0
30,165.47474533802253,14.327526960297567,1,51,0
23,172.60946514977124,17.535886239527237,3,95,0
52,167.96681874708824,6.860209444604219,3,56,0
41,168.22162257921147,1.3145618160024937,0,81,0
53,78.52024381365126,27.30497471929156,4,40,0
67,139.30541997823104,2.732746452520822,2,95,0
23,95.69883836178334,4.356854945765002,0,51,0
34,54.037346745632064,14.275255478056696,3,90,0
47,108.50115471776655,23.80594938178159,0,114,0
62,172.98947862509004,6.997854128164614,3,46,0
52,138.42968040473855,2.7007912215663583,3,28,0
39,200.7123748642357,18.390028945963074,1,112,0
52,127.08920581072447,76.12791365170895,1,82,0
73,217.9121101437163,25.28178144286108,1,105,0
45,127.10084902068205,19.203348535202796,2,46,0
68,120.89921184614946,6.524726279558701,1,42,0
62,68.82439648314015,29.657701730775894,3,15,0
35,164.42250961171072,2.179037099344247,1,92,0
32,99.91499484238085,52.525153993991154,3,101,0
61,94.11809442365092,104.36504603523873,1,98,0
29,171.24922255050288,54.33967169231041,2,35,0
37,166.3289067518383,0.2719023038369248,1,59,0
31,165.28205468842714,23.762842788180507,2,59,0
52,105.51235463780075,56.8761651370629,0,15,0
34,117.96096538778994,53.716977231836196,1,1,0
55,117.60582409216595,0.22590141758811794,5,40,1
71,151.30072722689593,26.83486559722965,3,61,0
65,182.1425867397692,71.10272383307003,3,118,0
72,134.72586220793627,33.10280144405962,4,104,0
19,198.99564341429434,86.00442810060477,4,86,0
43,155.88777672132247,38.193836007661666,1,115,0
30,110.60802423542327,45.545004360394394,1,93,0
70,153.148456245159,15.887111049319818,1,63,0
58,188.23761114835094,96.48837979276145,0,109,0
36,199.93155933365338,31.194900443507393,0,110,0
50,167.47565378396322,59.30137587711554,2,25,0
52,121.02697814631996,0.8480407055713963,0,34,0
46,111.33226983776318,72.86458372851857,0,116,0
45,143.04278014245563,12.197036522989622,0,1,0
21,186.95897981084187,3.534432720491311,2,62,0
43,137.35076488857806,14.14468423010104,1,46,0
37,138.18127487475243,17.784785911551804,2,89,0
64,122.05591417268369,19.165579892689717,0,115,0
67,106.8843574947515,6.288198047242135,1,38,0
60,113.51461973424328,4.408477507799249,0,27,0
19,125.4170394098212,22.847892016307636,2,40,0
65,188.72399984959287,3.455233164889062,1,86,0
40,110.41144885876793,52.463004756855184,2,43,0
41,122.10448303645522,44.51803957871067,4,77,0
71,85.38489358373965,32.45771637191562,2,42,0
67,148.66524265892622,15.635965050693327,1,89,0
20,174.6671671487313,1.3029586179237875,2,8,0
38,184.97991383827025,7.429315079055545,0,41,0
60,128.13458098782843,1.846254378294787,3,37,0
48,142.97417133116943,10.263859190481087,0,72,0
32,113.85798711319848,56.58833250983208,1,78,0
47,141.1207471877809,4.4707112895338526,0,87,0
67,132.55860609996859,73.99316077230277,2,108,0
30,122.33057549005949,14.743419622182554,1,95,0
60,125.51014769108518,2.7193716781788955,2,5,1
59,138.07689133574596,2.84424844536492,2,81,0
68,108.23390260617742,25.667766269860067,2,2,1
34,110.30012831687867,25.08778407075546,2,50,0
30,188.29448054686213,14.499888014843632,3,71,0
49,228.42187075385533,2.1563761304979012,1,38,0
48,71.82532205863825,32.04955803283374,0,84,0
41,69.62115182495765,16.496969129194003,1,95,0
62,81.71388688767401,5.008647295343313,1,73,0
63,115.86846339845779,4.6281608735501925,0,63,0
32,155.83122044149027,12.28373420097016,2,116,0
63,143.65011768193088,5.5125861925628294,1,78,0
31,126.88124547121873,44.45863223761242,0,28,0
41,141.15742187831597,23.692540814598225,3,79,0
19,92.31655373486522,42.5582285940958,2,58,0
37,110.23508912989524,38.51934656366166,0,3,0
72,119.19621806496812,77.35749123601546,0,109,0
43,56.63134644512589,12.731596440836178,2,95,0
58,73.54759181109615,13.034984997475155,0,74,0
24,75.13735754889365,17.109535036757315,0,81,0
54,150.564328947351,9.610530917048125,4,69,0
39,129.81419794289667,20.688321804085405,2,41,0
60,144.44244800295772,32.48339947894622,2,112,0
70,46.41380040790142,15.778864302534473,3,66,0
48,60.657332557935874,48.78620371273262,0,41,0
23,146.5286176102598,10.834188881216352,1,82,0
45,10.0,1.378505518160968,1,19,0
25,168.98517430399218,77.67657052685765,3,39,0
43,47.067314259088405,50.81327578240065,3,16,0
21,153.73379567699914,25.85584583550349,0,11,0
54,84.4566150097215,6.048334789475938,2,98,0
35,161.9561486068633,7.035993490875995,1,53,1
29,248.3264365566598,39.38052448809728,1,102,0
18,29.07289479515498,125.77013336738388,0,76,0
68,147.81508591442594,35.79168294335631,3,28,0
65,47.67349145625042,46.35503565602115,0,26,0
64,137.07075688870017,8.504019990516673,1,55,0
21,111.72911345792424,40.05731594755551,3,12,0
37,125.19129289847373,13.315671969587475,5,70,0
73,83.53254894687052,59.46718741661878,3,55,0
50,151.22164437986,32.28384688173628,1,17,0
25,62.06568648118476,14.157516386126781,1,63,0
26,169.6654905159496,29.327779813323055,1,102,0
32,103.62998773559269,11.176479571168377,2,109,0
73,63.892372903876414,4.608285122723283,0,50,0
27,183.79747293362794,59.209036992841064,1,9,0
69,117.30629388763387,29.5595685444991,1,103,0
56,196.30543881768105,8.541863104941,4,66,0
70,168.8542451725337,5.506483147169038,2,91,0
65,88.0741718085426,23.940196133754554,1,6,0
36,116.60040796253004,1.6335705478303488,2,36,0
65,124.84151758654298,6.682661906940261,2,34,0
27,181.05212799945758,12.699286966473425,0,86,0
34,137.5007085346846,49.533944685839145,4,82,1
30,127.05170484385837,11.846784745149048,2,89,0
25,112.00481651606769,50.41326810346403,2,48,0
23,117.97771856581444,55.24763250316111,0,38,0
28,172.18368342713296,78.83406168845555,0,23,0
24,120.14821403189897,14.91930804582158,3,31,0
39,104.20010914807301,3.394412343972818,3,20,0
22,97.41971337545252,14.025031123782272,4,98,0
21,97.84939384655353,25.663924337546604,1,81,0
74,63.9161601582894,27.94939654546454,4,81,0
22,89.98498766694084,5.922315293076603,3,106,0
22,179.93681102601292,13.530469888060674,0,89,0
19,111.73602957730014,9.195310015637927,2,39,0
25,148.17646674224395,26.428280422114184,2,38,0
48,20.849739283966628,10.247280902489667,2,16,0
65,142.73245235863516,7.555350179583649,0,86,0
59,113.54589182523546,20.795849647812325,1,105,0
51,100.74239908437966,10.264187225879782,0,86,0
22,127.23839829684528,2.029429968321158,2,57,0
62,100.16698984751889,45.11946973600504,2,40,0
20,35.04500320446576,5.026225233407592,3,53,0
53,156.8899176468775,1.1040638712409012,3,33,0
41,129.72070245392771,19.54627645620605,3,20,0
68,107.44230181008592,7.275672457692906,0,52,0
35,81.3525851171025,1.721030488233573,2,29,0
54,61.2056993557146,13.179594718651524,1,88,0
43,128.9557082827223,10.97126387009588,2,108,0
47,184.53763840901436,106.45949404591002,0,24,0
71,128.12665906964153,58.58884875208472,1,1,1
58,64.68953575628696,29.16169408123379,2,105,0
41,129.0046690815361,21.695939862829086,1,35,0
43,117.86628151013089,50.26502311405235,3,31,0
58,154.56174504296922,42.52040811296732,0,102,0
37,144.26932709646906,15.970957455139105,1,100,0
27,10.0,53.86527632289415,1,70,0
44,141.80968817713827,30.557444905897707,1,19,0
21,79.86082361983665,97.55305205018234,1,84,0
27,63.13085034205204,25.23558904476437,0,88,0
41,112.46106358505745,51.61274690432035,0,53,0
63,136.43884436120047,94.05466434368711,0,67,0
62,54.37061558852703,72.8085960248797,2,64,1
32,148.18305668230207,47.477615948098524,2,79,0
42,150.53355390126399,41.37719559123265,1,62,0
26,121.8790478519799,27.33375672885519,4,116,0
61,85.29505479091806,26.910990878252044,4,5,0
32,80.82487983242832,6.338541261340607,0,7,0
63,161.0372852632091,23.22050299145051,0,18,0
65,59.55109254016381,19.378790587009686,1,18,0
57,162.57881843276715,18.957021696065226,2,60,0
36,113.39203363478254,1.1215248593982112,1,10,0
72,116.16662001428571,12.455839362591163,2,23,1
57,51.676491783467,35.07321980894498,4,62,0
54,114.13133479485654,15.195032909420425,0,108,0
66,144.54342064045503,23.500112437944107,1,96,0
68,66.54359648592076,8.8102187239584,2,26,0
22,139.94543469007382,9.341694008871123,3,7,0
68,123.5604901471609,2.7714245917120612,1,88,0
61,94.24977544670773,35.42220954902702,2,93,0
29,154.18692345965218,0.752885266349313,3,111,0
35,31.909729240857757,7.077517840626268,2,52,0
60,133.86722994974835,5.694040720999625,0,7,0
30,184.77740632293168,17.741356451302394,4,113,0
43,177.59772556402646,7.808212250109279,2,35,0
57,135.5922688215409,56.67800157056402,2,46,1
55,107.93276895476616,15.046350159344332,3,50,0
69,94.56789773809476,13.796372316875594,0,118,0
24,107.88296824377431,23.05871189609228,2,43,0
34,141.75228991671625,20.386484669350477,1,67,0
74,87.71024778162335,3.1064771791279693,2,61,0
50,150.29695272201525,58.72850117383125,2,118,0
32,205.32642072013294,16.831777778118852,1,114,0
34,117.5246705949042,53.23861268411315,0,76,0
37,66.22420786866779,48.29123993366303,2,13,0
49,66.21021014734349,17.58979912117625,2,42,0
34,151.062622068463,27.47388469146977,3,80,0
53,117.61015284158225,1.4130930684870437,1,96,0
43,155.07323584256213,1.871173794682778,2,90,0
52,98.65463003362602,6.889317387521897,2,58,1
26,153.22494190159327,29.853529166419484,0,80,0
53,113.66803306201098,19.563266635294216,1,37,0
70,90.69983778704204,56.76835960841556,0,76,1
25,103.96006084790463,19.231008288676914,0,57,0
36,72.11782578307054,9.565500781445893,2,82,0
57,199.57438234326446,28.581246303276053,1,104,0
53,116.14472745766052,7.802682271803242,0,98,0
56,145.78056354728784,18.284804216735886,3,88,0
49,98.52523468516803,51.94884098481185,1,92,0
56,77.92288712080708,68.59849208806489,2,21,0
52,110.6447795632826,1.2779023127196854,0,23,0
22,164.04770133516794,31.25389059123951,2,100,0
60,99.17072834406866,55.32847487298957,0,65,0
43,85.17872109082339,2.21008372496607,1,52,0
20,126.21856977476574,17.529521757332702,1,80,0
41,139.96090402870976,4.881973511483044,0,10,0
42,185.71392675412733,15.875642067962302,1,20,0
22,134.1500191348998,78.62593763729923,1,18,1
74,145.7597071412494,7.4288480347864985,1,68,0
30,148.77100947681288,17.44744979546477,1,8,0
36,73.8793847226948,46.5859562096931,1,6,0
43,81.46671718121823,11.80586508696406,2,81,0
65,76.64414841577398,6.453512466731282,0,88,0
60,66.71416977233417,30.982956464878118,0,31,0
61,151.81839499481615,14.887490694085384,1,83,0
31,131.60200366655022,24.018445066353202,3,12,0
66,123.17984252365798,21.340141473458523,0,49,0
65,16.291339383909246,3.10868604298446,0,44,0
44,202.21907434474474,84.5078431507404,0,42,1
49,84.22911983385777,17.44104186756496,1,104,0
20,202.0725102375583,9.287281694350842,0,10,0
61,62.03034077394736,16.982180367118616,0,75,0
72,87.50395365773852,9.42899479744583,1,33,0
44,31.886024699614808,18.275241664400387,2,58,0
48,134.4849990377079,25.386411100598373,2,24,0
46,75.9497271675507,2.6155383661616636,1,88,0
22,77.07999383606582,65.45529203273452,1,8,0
53,65.0994313130241,2.844585864786483,4,10,1
59,151.09420250951453,4.4976129957924424,2,40,1
70,148.45854606270188,80.76354169343303,1,106,0
70,192.4813556431514,16.351011977376242,0,3,0
46,92.57173515708106,88.45646574148552,1,22,0
72,128.75277484187203,6.891272916357588,1,59,0
48,68.42659210392193,20.775732340095498,1,3,0
54,106.59843909058728,13.929374789017528,0,64,0
52,99.2461874687529,13.370807730393983,3,44,0
74,138.57799829981684,63.61263703215447,1,77,0
60,160.68087225672764,6.77332002914951,3,7,0
24,159.64266763326,12.612843131504901,2,22,0
22,86.28750911129558,2.4535930429433357,3,20,0
41,159.93871618492,48.50029230547716,2,88,0
47,118.23659451568811,3.1246892120604057,1,88,0
56,107.0161241641194,2.9857930051192385,1,14,0
45,91.65954052724327,6.9544147867033566,1,49,0
47,97.60256822553792,35.79009583892788,3,84,0
70,189.69255384784933,34.160994551453136,1,1,0
37,132.29643065976094,28.328714205037343,1,12,0
46,126.9844739000482,109.84439294781038,4,77,0
49,109.51012565852213,44.02147514833537,1,68,0
44,217.83914445752114,13.443068828393999,0,85,0
73,172.200419553857,18.106068839450476,4,56,0
72,91.1575154080483,10.517045212248917,0,108,0
47,109.05539781181503,60.617239019032596,1,15,0
43,111.43021826516359,43.39435886818366,3,19,0
51,125.83487913130398,10.634351373447998,5,76,0
28,91.95096029474259,18.08880024019552,2,103,0
42,137.55266093446787,9.182973051629222,1,3,0
30,178.08352528157258,21.656660736146097,0,85,0
26,67.45487563983346,9.840471812046067,0,116,0
23,74.87413051631732,50.03869196259846,4,68,0
51,100.67365778810772,47.67718225575191,2,99,0
18,102.52817759568681,43.444016606439405,2,32,0
54,199.93863498983723,39.13869187258858,1,96,0
42,160.06836880059353,3.9227571204109117,2,55,0
38,157.77289408473058,3.326002713431732,2,36,0
61,109.42537225946398,80.03894140225762,3,24,1
48,108.54746372852743,66.2232469462721,0,102,0
59,61.931783449384056,27.59835180997583,1,86,0
58,151.26960912191268,17.720685801062576,1,94,0
19,139.6421841923514,21.90779382080614,4,84,0
30,171.43989458713133,48.774281922407,1,31,0
50,111.5668114657533,39.3501813494419,1,23,0
73,114.32883415198413,17.822936520685133,0,78,0
26,126.80182114242542,12.369198515556574,1,31,0
24,155.6759030202838,5.6151074639492915,3,78,0
71,61.19137511610084,41.54719561118256,0,108,0
73,149.44224534953497,2.107560907067501,0,90,0
27,119.18017751308678,5.464185382042281,0,57,0
40,77.65450928185214,41.71832271267613,1,109,0
53,36.61576989383734,22.179317257973835,2,66,1
29,114.54105152486586,6.439641798481011,2,56,0
36,177.9085193309628,3.550962839098426,2,115,0
40,186.9873866696558,93.89117578329314,0,40,0
54,134.21504842680386,4.021830337451404,4,25,0
35,198.4802265536899,4.18360203149229,2,17,0
41,118.2823566817302,7.36982058285538,0,75,0
34,158.13214206571124,33.51341826205457,1,61,0
61,101.95076444374291,32.12282860823885,1,93,0
26,99.41604642863405,9.056175603158959,1,18,0
31,92.89963532477455,8.841323880932752,1,39,0
32,37.5788421150275,15.555782000438223,1,15,0
69,171.48369039787647,41.05838684024477,4,37,1
71,94.33470243447935,25.019079224211367,1,115,0
46,87.94244880979215,33.30986403789677,0,107,0
26,72.80113273549298,18.394594246149875,0,60,0
61,111.82562253854869,20.60419584332068,1,12,0
46,190.5396924223897,2.4045842255477803,0,119,0
66,203.7511540329087,25.054980717862023,4,19,0
38,53.565324967916666,3.335473648519406,1,13,0
74,105.8220801609487,89.38818173372913,1,49,0
63,78.62568919625205,19.240200978527582,1,112,0
30,159.53350964846078,21.215809590545035,1,96,0
59,131.46374189175708,74.30388639114766,0,43,0
34,94.5372269048066,56.25903705883174,0,55,0
37,122.90292322364076,27.98407932629293,0,8,0
32,100.90325514369167,29.393326596215264,2,33,1
56,184.56984377499586,10.015916941643082,0,80,0
32,141.87838060064155,15.728223651884049,3,51,0
54,146.79293683665753,1.4961129498742871,1,117,0
51,13.323300878684108,12.57307051307214,3,54,0
60,117.32845284684757,6.267171017823508,1,101,0
74,203.32843836236137,25.30682991770414,1,87,0
18,173.04516280146737,0.631614392002077,1,61,0
74,46.11641656318787,31.676567667639162,2,104,0
24,107.46296669265624,28.067500069119042,1,104,0
48,71.93922136325114,52.65612270033716,1,39,0
37,188.4440624145148,20.048727976509852,0,34,0
54,129.77113129103634,43.45401446709691,0,85,0
59,89.28817761074257,39.63080609540601,1,4,0
67,121.36631774163156,8.4790874542233,0,84,0
40,15.705378837260639,24.22943117281248,1,52,0
71,76.60154786173693,62.77535864911571,4,92,0
36,121.45774903305238,23.272515211240375,1,16,1
29,153.8270147381329,13.548532785627794,1,69,0
39,42.34743517610637,53.06441892925732,1,64,0
48,104.75378769190283,4.0322950505554775,2,2,0
56,160.38742954075286,7.098107209852975,0,63,0
65,61.941867025069115,1.9887793145559165,1,79,0
30,129.16731339136692,0.8211730456963308,0,49,0
35,122.63898012424013,9.54508802431887,2,73,0
71,188.5752128142641,14.376854763949085,4,39,0
43,110.7945522755345,51.687102305770466,2,73,0
31,113.1359760649972,106.62636451656266,0,29,0
74,154.19839012658753,44.47141657641433,0,34,0
43,66.94605327802621,8.299936889048096,4,9,0
74,111.16467173796565,1.6482719021435182,2,12,1
70,101.77099956637957,93.9453836341504,1,17,0
69,114.44352749179599,22.40973502702194,0,23,0
51,153.93625795851352,24.67789405980116,0,86,0
63,142.16645940328692,93.23001725800059,1,26,0
72,90.05270765885295,60.241888968444876,0,43,0
33,125.4679681330885,17.942170511754885,3,21,0
20,179.61766456402097,76.38329102257741,5,51,0
36,86.74537204810778,2.9663214975330012,2,30,0
54,125.8066712158805,2.689343930121566,0,40,0
49,112.27357292245486,0.5526144346793007,1,9,0
22,117.47979936652892,5.451945625417861,1,61,0
49,54.773695110023965,34.30482357568275,1,33,0
27,176.4305141724882,41.69512150038577,3,78,0
46,89.02592396447267,0.47475614205917216,2,119,0
50,161.04287880614132,30.782600684757377,0,58,0
54,95.14493567809956,24.28342785438524,2,61,0
41,94.97981392416959,14.651048527997883,0,99,0
41,168.52493001861868,10.182645185339235,6,41,0
56,159.75538413911698,15.691191790326235,1,17,0
60,128.34663595855932,51.04516350374313,2,86,0
64,150.44602199225278,5.602248057343155,2,78,0
37,108.457888789744,34.71653084127451,1,56,0
42,119.6652948912444,0.1332142823367936,5,47,0
36,93.53502430144724,54.473358718021935,1,4,0
48,156.1625979720104,9.599846193455837,2,67,0
25,92.2634667533059,7.557160545874144,1,66,0
42,179.40625379751413,2.6230767134275363,1,62,0
28,107.36663326720702,21.592247032432763,1,37,0
48,120.82034256065337,41.04582325936987,1,19,0
66,150.34912082617336,17.609708697700015,1,68,0
74,120.95457684758328,0.723807116183641,5,74,0
43,108.08366742858759,56.72892379575686,1,21,0
21,118.79906208766114,22.329764224820014,3,15,0
30,155.75273414230335,0.3132060993771,2,58,0
23,93.48591111453177,22.039120482425414,2,6,0
61,114.95051970906941,0.7685660427005825,2,24,0
74,120.41146909349901,108.57838376208821,1,76,0
49,154.58340782110625,30.51384730857103,2,36,1
28,116.00618504514254,3.048435572698886,0,55,0
19,192.3319637797489,58.37283055698932,1,82,0
73,113.7384568913962,7.505790701286136,1,22,0
36,110.4926544637888,19.67538378783234,2,28,0
24,113.15871513529073,10.31642498434436,2,36,0
28,67.3343428536796,1.5433388064549296,3,50,0
32,78.5309261296526,0.7666891794562247,2,67,0
55,98.77332441043627,34.30131618322306,2,9,0
68,165.4331939540052,7.875645925833431,1,57,0
33,118.6749576255196,11.759184563482416,1,82,0
57,100.61423241537173,41.22733594619604,3,102,0
21,169.0613898242638,11.35924067385615,2,65,0
18,182.04708531569042,28.874319438966985,2,75,0
21,170.21529843631043,79.60809090827573,2,97,0
70,85.87640011059369,34.14158730594211,1,87,0
51,100.19005519225377,6.3455757191202,3,64,0
63,192.54944281258875,7.641240252212835,2,68,0
19,129.6455876800009,29.85589769816969,0,119,0
19,109.29491740415686,4.9785047940679314,0,91,0
66,148.73391845323349,38.38699011004129,2,29,0
23,160.2919626943245,153.74222542602294,5,54,0
26,97.14201716286942,12.014586147741529,4,89,0
47,128.77759834479727,18.844387013248614,1,63,0
52,157.06240276868235,47.96093054036371,1,52,0
31,73.58851416160587,3.333987043570883,0,73,0
43,120.49381829704559,57.78121334989963,1,45,0
56,75.42441387797139,36.52045683458379,3,81,0
43,80.65678012292756,7.601948239615117,1,88,0
39,97.47599690078783,23.889137795371777,1,107,0
22,139.0847815151788,23.26606787818146,1,114,0
43,107.11909485447461,12.377039913647124,1,85,0
63,94.06327500126375,169.59444835390516,1,90,1
53,122.06218253299836,44.2842981177096,1,92,0
68,74.12149086934281,45.27304625910092,1,40,0
25,137.1521287133564,19.51129991428987,3,109,0
18,165.2554704783324,39.9613592717542,1,61,0
49,116.83183836047954,45.776081009153785,2,104,0
28,111.89404026799167,5.398753426842926,0,26,0
51,134.93761412862278,10.22888269568875,1,37,0
69,38.861223246738206,10.49630653053544,1,74,0
37,141.4726982639147,21.670525174747752,0,69,0
49,244.07543214979455,39.8667240223951,2,48,0
56,115.09295115541119,4.9295857739641455,1,27,1
26,115.23499865134677,56.832206540065734,2,28,0
69,149.74428000398734,23.991586552261154,3,87,0
29,185.81330672791847,27.67001692984414,0,3,0
64,158.9987137773654,54.305102309274595,4,15,0
55,33.77572485665797,32.406886315527416,4,111,0
26,142.53595350650988,4.501843666600072,2,117,0
59,222.87720580966698,24.002192573546402,1,10,0
29,144.8976418703786,11.82120161691996,0,17,0
52,73.81592346913001,60.27089830138513,2,40,0
72,131.27318497674457,29.530216879790572,4,70,0
72,68.77250994635732,54.797842344710844,3,23,1
67,169.31214757075438,9.19058970938673,1,117,0
46,81.76469647888298,25.057655422822794,1,59,0
49,122.96974538768092,28.996981567731538,1,64,0
35,85.68879992032609,68.72622729189482,2,24,0
70,98.14207769808036,24.888061741951823,3,37,0
45,179.4460258344198,34.13543113543995,0,88,0
61,124.13828659574789,23.24065137671634,0,76,0
38,97.6319010509712,17.5110899782449,3,27,0
60,74.19088116453109,5.219769928874409,3,53,0
30,45.13194054402254,12.183171408892244,2,23,0
59,69.94877465909254,14.045407778477257,2,49,0
20,124.47836965777512,76.32878065078705,1,26,0
23,159.20935074890656,23.86280353696315,1,117,0
38,97.58594030311195,17.035513167893637,4,36,0
45,182.82174402876058,7.539256963477438,1,57,0
58,91.29998311087093,22.10057788025494,1,77,0
38,110.47953108480483,9.006420516644962,4,5,0
19,76.81693118650992,37.40379840134854,1,25,0
36,159.63046938271424,15.187377417729179,1,118,0
43,203.9004245617827,73.11925066569988,1,83,0
48,49.52732156255209,4.538297341580584,2,29,0
54,106.15351725461207,43.169552839203796,1,52,0
32,170.5911938820014,45.083332208091285,2,103,0
52,62.12217914297595,3.3691214502899838,2,24,0
54,142.66735627884344,16.135892265516354,1,36,0
62,168.8588880083028,23.158951290218734,3,29,0
47,123.12915257427349,1.9267877148965127,3,80,0
64,142.0105228376053,0.434879642921853,1,63,0
30,190.43609544510429,3.762211782740659,1,60,0
58,197.93706216404587,1.0013339342302332,2,46,0
20,117.52131147862067,8.3135818277903,0,40,0
23,98.70488602803067,100.92179885838596,4,62,0
67,83.20079555705215,23.823107861625104,2,96,0
45,159.0785660171485,27.85367313335812,1,97,0
53,65.12897768836126,3.124715800053586,2,94,0
52,109.89703848035191,33.314417520867686,1,6,0
57,124.10759083817864,14.297762241879697,3,59,0
31,99.87989949124982,181.69774726909668,1,47,0
28,131.19281060076494,19.059408715663675,0,112,0
20,222.58053273171032,59.887150701840795,2,50,0
67,115.1360563861383,8.400388954450527,0,30,0
30,102.58377490290442,44.37513827347055,0,30,0
50,160.61327297527413,20.535461296473756,1,24,0
43,129.58334576582087,5.152054380496339,1,53,0
27,177.57343084845505,26.311687976625844,1,32,0
41,126.58750479278874,6.608432466746731,2,68,0
22,110.06307168115868,7.175055289953614,1,28,1
28,48.65100447621779,131.73932460492526,1,70,0
25,55.21061224753039,15.307484444978476,1,74,0
64,46.5720523829159,33.1221821405395,3,80,1
50,135.17356665136958,10.393720933884707,4,106,0
70,65.51002080530162,60.52160637951641,1,10,0
42,170.22309463677533,9.844426209294875,2,7,0
29,121.20986259423815,60.91745815847825,3,55,0
52,110.23252323593324,100.83701532684957,1,62,0
70,86.24579699182647,43.67748468525598,4,91,0
48,144.89034993080824,41.00987512142912,0,27,0
19,87.82008721830354,52.28059490048814,3,55,0
35,80.58487983720477,4.442122493903464,1,73,0
70,167.53399682421394,53.5398810598477,1,79,0
47,134.1848464310009,16.763041737600037,1,65,0
72,110.6028228700691,23.728508028879393,1,71,0
47,145.65731938934866,18.066616154532152,2,20,0
18,120.35727492442794,69.50926974632831,2,56,0
67,135.32052601806734,12.327084209841283,0,65,0
61,87.3260839049818,14.200593020523014,2,10,0
58,202.8159443564249,68.9281568649523,1,116,0
73,96.815201292951,7.231098699255394,4,76,0
29,182.24065307799907,31.52358973103142,2,86,0
69,112.44524602782094,15.679208291590927,0,64,0
31,152.2838846261985,25.945888814062556,0,111,0
73,149.36893996104544,12.194615753528954,2,1,0
28,165.87407020600182,39.682056480530775,0,115,0
49,86.3750517134342,3.577793220134488,4,25,0
62,163.02541605115448,48.12825019812112,0,106,0
22,193.8575940364576,7.522113531801486,1,8,0
21,109.65228083032572,32.86654943231158,1,38,0
66,121.3882426856849,15.21435146339469,2,68,0
21,99.06213430079383,32.58054075532251,2,79,0
52,106.142549912596,92.78758508388404,1,2,0
71,188.4569119572996,30.187050111270878,1,43,0
53,79.83061895479183,61.32897698402222,3,101,0
45,82.31524712596912,11.716507204827185,2,22,0
41,184.4360374565751,47.79450077708429,0,113,0
54,144.9819370355345,7.954163791606926,1,85,0
50,204.81480996170097,30.082354836469804,2,117,0
46,101.98245448696588,46.76155996626732,1,108,0
26,125.05124548950278,0.12953042117352448,0,27,0
55,93.57292224912783,16.726856224477203,1,112,0
60,125.73204674590784,14.633087005856584,4,59,0
58,49.036132108627854,33.327444416861795,2,31,0
22,147.39818226620034,16.890086222020297,0,107,0
58,132.93896333969352,53.983581484195874,2,56,0
59,117.69781350136324,37.005353913672764,1,82,0
28,104.38542701601341,51.85378311645315,1,73,0
66,84.20984050527602,17.021754921589697,2,36,0
47,149.10851648131046,42.98632496199467,4,117,0
44,73.15640057186374,8.218680154553851,4,100,0
59,140.47583648196974,163.57713225966128,1,63,0
47,202.9780557923783,8.612152240258503,1,69,0
49,179.42085954577192,22.205430120952723,1,9,0
35,59.79488229317387,59.34946575916638,2,87,0
70,98.53047758626789,24.201592978599624,1,109,0
73,136.8580296222135,14.026118398705556,0,116,0
25,117.18872311942599,42.08339739038257,1,67,0
59,64.02377126870316,5.31280843032096,1,119,0
19,135.41263805893965,4.411482195117316,1,96,0
39,119.59932419534803,16.195131426751693,3,61,0
73,196.57301634415126,56.83191573713851,0,96,0
27,109.87085189530214,37.51625510680262,1,19,0
39,166.72013541306364,25.028864301290774,0,81,0
30,69.31646387480097,7.144802628075085,2,74,0
59,78.87962808413967,22.905610632600357,1,59,0
44,148.8664783923796,24.340506529142914,2,77,0
51,163.34923122429498,18.476128235041283,0,102,0
71,81.70429095702431,11.974130219023536,3,69,0
47,120.96309625935646,12.227822819699902,3,46,0
59,64.73683305883688,1.151186530727602,3,51,1
23,112.75120694778083,13.530567434486775,2,68,0
30,153.47691142496504,33.69778240500233,1,70,0
71,102.60166003455421,7.0021099520645045,2,38,0
66,110.03861176224788,3.5203678806693883,2,64,0
55,74.80818406815793,24.036832702689434,1,35,0
39,94.06566345500298,47.99233926997939,2,113,0
29,190.32443664857354,1.444122139220313,2,64,0
66,122.91699566868532,5.535271869292118,1,100,0
62,79.90768933397607,25.048574747360085,0,46,0
31,107.40912200328033,73.20615905296532,1,47,0
51,56.10289515333751,25.622153652949514,4,35,0
53,79.43361231439151,21.90791306154671,4,68,0
45,174.41358956185815,139.71765073244106,1,74,0
70,114.30070302453579,66.26474091057747,1,68,0
25,195.62920704404826,16.13265247869657,1,100,0
32,116.18608646015777,87.49256331914322,2,61,0
23,118.56085215234016,41.000409004793916,3,98,0
57,145.63576634168493,11.652143455111837,1,7,0
54,13.09649671122395,5.199416349921129,5,43,1
74,128.197572946143,6.8860640951920375,3,85,0
48,118.04054047756193,16.731677375215178,0,46,0
26,179.4415557406059,4.856813452207737,0,88,0
43,158.5871757665447,92.53427317400119,2,71,0
23,74.65233257812798,8.93323698352374,2,58,0
56,169.68554474510321,76.47949319428274,0,67,0
56,109.50741897676019,31.95009256032621,1,108,0
66,83.82187094815819,73.62620932036612,0,81,0
37,127.8841300348481,2.986521455091837,2,118,0
35,111.88922577344727,23.836830412377626,0,12,0
22,181.53861256114095,7.426023708976305,2,97,0
41,133.6248811396484,124.74118328332727,1,107,0
45,128.22635683544024,63.71174600440653,0,111,0
61,156.0258833142176,9.716023924239426,0,65,0
60,163.71486472370847,95.87784498109143,1,59,0
25,151.34420377189196,40.68888494947246,1,70,0
34,176.77853891259815,28.726630835898128,2,109,0
47,144.34729651655152,57.65849952058691,2,104,0
37,126.70605858906808,26.366285546356266,1,112,0
19,169.56688248352117,55.15590934513544,1,116,0
66,116.36415439671445,32.37929306705261,2,75,0
59,121.32986065378647,2.030634147885525,1,31,0
47,188.86307669187659,15.650957946696069,0,18,0
36,184.87696511820926,26.028875378074122,0,107,0
66,119.67296772306709,33.1340096918495,1,19,0
20,101.85793690777533,5.996838333829321,3,9,0
43,178.52694000833992,41.76534420424515,0,57,0
63,152.01673431660856,28.855295633055135,2,89,0
72,132.62325016789453,51.45805320533208,0,88,0
32,107.12509159240221,58.79513314822971,3,31,0
55,133.26786314858376,72.6884224428766,1,60,1
28,119.1316616044919,15.1158308976264,0,107,0
24,93.42647281708017,15.47644459745422,1,96,0
38,125.1616931434894,53.676972614379316,0,110,0
68,130.6169618255843,3.510665766911469,0,92,0
57,104.98419732319076,25.00855375721666,0,11,0
45,156.1530275443807,5.6792156354386565,2,25,0
34,171.55329569243958,12.454319096502095,2,21,0
26,158.7959077462165,110.08603011942203,6,16,1
33,108.95006459144021,6.250491243616539,1,103,0
26,150.23286016753488,6.0318158022665305,2,84,0
28,123.1184558984016,34.23822731479346,0,109,0
57,70.57016085736194,0.8088169878121017,1,39,0
25,146.90917513990982,3.3170855338667047,1,117,0
20,125.84526563827792,46.199445651262685,2,111,0
48,223.7419200827723,45.573779230827625,1,13,0
34,178.2908345311424,9.953604293430423,2,104,0
43,148.44600627738097,41.41824361663776,2,14,1
25,129.96682005152718,26.307964315604647,1,54,1
29,126.54889020232072,0.3492845496813213,0,22,0
43,79.85242385467569,0.12572682855741957,6,70,0
57,50.440510912003575,35.826135209914064,0,3,0
41,85.0976356367374,10.770098328776081,1,101,0
48,118.09131927318279,18.93279518895904,1,57,0
47,35.77842887164064,0.6668583109456081,1,104,0
33,98.22712830909003,28.817124098646904,2,52,1
33,110.09547867502296,21.123234445897083,4,67,0
42,111.38293786058168,28.114014394335154,1,88,0
19,93.53105607247421,8.230937307081657,0,116,0
57,106.33944742474398,1.0757043459957245,3,45,0
53,188.95575312495447,4.431669320737666,1,62,0
35,146.4858112596241,42.606348698505904,0,39,0
39,97.587968924074,82.74702828880272,2,5,0
36,117.26608846552146,5.609406704087756,1,104,0
55,118.86746657390933,68.62162383982177,2,67,0
61,89.28178265039395,30.64437528358743,3,45,0
24,89.23479129024582,98.90598941491116,1,93,0
41,160.42096081306852,2.482125384853077,0,98,0
18,103.20862489932736,32.0466166095866,2,118,0
43,76.21214451876514,39.77288456319233,2,52,0
32,118.27438623722229,4.001122478872871,0,13,0
37,124.72039012516494,4.386060497639503,1,58,0
44,41.09183103224659,14.347188008182192,2,53,0
36,118.37014568731227,20.517331793730396,1,25,0
40,154.7191973739304,40.02407881362182,1,70,0
61,138.04917542087333,36.81392253823491,3,50,0
64,209.19180460779884,46.17751403083305,2,105,0
18,170.04437929248718,41.129099257869214,4,6,0
39,177.95736099003415,7.208223187537345,2,86,0
66,232.00343743657305,118.85550631009347,0,72,0
48,150.32625047098392,9.330925698531534,2,28,0
29,126.52280831730805,26.369759835676785,2,42,0
51,158.9496117372533,29.309175609713737,2,103,0
26,97.63054266420025,56.61775064719674,0,44,0
19,124.30745277979878,57.63614212731839,3,80,0
54,94.09089427686746,17.51298432772875,1,61,0
47,135.91938230251526,34.11659189553975,4,107,0
61,93.92363647920719,2.278210089936856,1,79,0
37,92.5228600055313,6.837516769016554,1,100,0
66,136.53893172422016,2.7942490274792884,0,108,0
42,114.49154236877732,18.99499660656755,3,16,0
60,42.899154571330115,48.44150362214834,1,100,0
23,61.77772314751642,12.206372461533455,1,115,0
23,74.10934034154147,31.274545324221652,1,5,1
62,84.68112375544104,14.179273835760204,2,55,0
65,136.57693317914553,57.95611139329098,1,31,0
71,128.75755388286544,48.57375225476972,0,117,0
36,162.61117486796797,66.77365733035546,3,42,0
19,150.11207291767084,6.88155679238742,1,23,0
73,162.87611824730632,9.583774850662131,0,12,0
52,144.3358476583649,1.6365903802923603,0,95,1
32,128.3871723636596,4.059770873099806,0,7,0
61,163.97406969150623,8.463592844628035,1,37,0
69,156.776511669604,57.21153720668769,2,66,0
34,135.04381470215964,41.11720187836491,2,6,0
61,170.84287483440568,19.613639080359256,1,21,0
62,26.16847029986414,36.96609241063306,2,119,0
46,108.381473034382,38.29426863640529,2,55,0
54,107.76838137393077,51.67620912007915,1,37,0
33,166.10731509926282,10.180098894006447,1,104,0
70,182.85579987803078,1.3155043918806433,4,10,1
74,61.992825191589496,24.902516512142512,2,32,0
73,176.44668696597103,18.158887215673197,0,103,0
60,73.14219255894925,10.559943450611204,0,90,0
20,74.3513901775671,30.32624533581492,2,52,0
38,110.6285719069054,19.192428162586264,2,117,0
43,107.27174111469662,50.10900575019505,2,69,0
72,57.66330881132494,15.82840291753229,1,89,0
49,145.99511893970268,3.795124600197072,5,118,0
48,147.1760969890641,0.6251051941025885,1,61,0
26,162.16166384654684,9.772689652603871,1,58,0
63,102.6617868088854,15.032637009509115,1,79,0
37,118.41669140110206,56.12824303141335,1,8,0
23,118.7829134038943,17.567165819764497,1,52,0
74,187.5198176587386,20.1010574567477,1,83,0
28,10.0,6.7841399191305305,2,46,1
18,81.72222604043586,51.8026870227703,4,85,0
22,120.22163371167191,45.68732271509352,3,48,0
43,76.57719060337988,122.8754436631006,1,24,0
23,109.6671857091553,57.72778350844555,2,18,0
66,114.95697854520363,82.64146394202484,0,65,0
47,93.69255564830125,3.3804932350138674,3,24,1
36,122.5787570441069,54.03099426199998,1,44,0
18,145.12597111031255,1.1054353155944945,1,62,0
45,110.54934219875992,181.11837259149937,0,6,0
26,101.87221064125058,18.005348186480514,1,51,0
73,113.36940333384511,4.980221753031202,1,38,0
34,119.70254613417643,4.188744006770234,2,38,0
45,50.38721738662312,79.18244156382977,3,109,0
19,138.46215671845115,24.496633637925942,4,111,0
25,101.95995082212822,0.15979511089675258,1,36,0
29,170.46140299244206,44.37320208957209,2,105,0
20,143.64213902569898,43.793774907298506,3,27,0
59,166.8026561687862,22.326651485633644,1,42,0
71,79.55984825140366,6.397011202003758,1,112,0
74,105.14453435250294,6.643403136934171,1,13,0
33,70.30166050170364,14.050340670041486,2,46,0
62,91.79235164282696,23.389732909612817,0,96,0
46,170.08421698034368,115.79972603603552,3,112,1
20,179.4996231168998,30.351214935764123,0,113,0
23,74.07466820782162,7.2244755188054475,5,105,0
49,101.66889326730866,28.5821665794129,2,115,0
42,116.95217311904203,99.31323215923294,4,56,0
18,143.42422567239126,7.223251465547713,2,39,0
71,49.6075894585403,6.506837006468658,1,46,0
59,55.87999673886246,0.9965397282379439,3,15,0
46,139.5850457548961,26.25590530208461,2,17,0
74,42.03845724328302,1.4166688429871979,1,116,0
73,102.12810375444519,156.25111757057397,0,23,0
73,126.48367234235363,68.18034047064872,0,74,0
32,136.6266387973247,4.519926318977062,2,28,0
68,114.33127617824672,8.206732988476164,1,80,0
46,105.36973123809878,8.992236342268106,4,56,0
59,153.78283438865918,3.2963068709769496,3,13,0
66,131.4082370546303,49.05876579205388,2,45,0
27,94.1193351219416,45.23823674168831,1,87,0
43,121.50891586728953,9.346528211235615,0,96,0
25,135.3267609062477,44.82958661420846,0,35,0
33,188.72948965805526,32.832266661245534,0,36,0
41,151.45294673166316,11.841857613874136,1,87,0
66,168.58227423815777,18.436318205473476,2,51,0
67,95.57570414801481,97.77245765591475,1,9,0
40,99.0326837497999,96.04050037579538,2,15,0
36,110.58480028748039,56.243591145198515,2,45,0
48,114.25709413447345,9.310649895963461,2,33,0
69,79.67900168788438,27.314594753779993,0,15,0
73,170.63734506227274,77.62817593287431,4,94,0
30,155.33406551035168,9.102397896625952,0,55,1
28,107.77288554793971,34.23717609351751,1,85,0
58,145.66842596055415,5.182524342722298,3,1,0
35,128.91596652015352,25.545209496975612,1,48,0
29,148.79311923725498,44.709915269925155,1,57,0
19,66.2277150589748,207.3761056595505,1,69,0
40,114.17355707210261,21.164090875209034,2,116,0
40,117.67845888376819,99.88140621821776,1,55,0
50,144.94568398446606,59.348902833865495,0,59,0
29,94.86249595271467,36.88111401267837,1,107,0
58,20.002771036704146,17.208212730277925,3,48,0
56,76.73201129268318,59.53279845599687,2,47,0
44,117.5580805715637,77.1171608580451,3,20,1
28,122.55536902013327,14.791767775884605,2,86,1
46,187.34992490499937,25.64689461448841,1,3,0
56,143.30985762632395,30.897521995736184,1,27,0
39,123.26121116925957,92.95410590874917,1,50,1
33,118.70434892874249,20.870454118462007,0,52,0
46,164.1673352867877,32.66780383298046,0,5,0
38,96.39558191370247,125.92076528914505,0,63,0
40,114.38864849037604,69.2606448175114,1,116,0
37,76.42967519446793,5.161992348791868,2,13,0
35,176.75624194781216,32.082230872303136,1,59,0
58,135.69995748006454,88.32575615874298,6,70,0
44,91.69906815984217,20.39040894336268,1,39,0
44,115.42179958726769,34.810056206126795,0,69,0
55,140.3860305282512,89.88337375832292,1,41,0
38,109.97124349110898,26.05600287436739,2,19,0
23,98.62117513149596,49.80843164825635,2,101,0
66,93.82905256062674,3.7554912821600985,3,119,0
21,133.5584759696446,31.481316316622493,0,46,0
50,105.6778288315726,7.436721524497355,1,12,0
33,101.84969060949015,37.2002390998905,1,20,0
30,66.55752979778377,10.929724893499817,2,107,0
20,123.10562306108679,6.9162192958202695,0,105,0
69,112.75106244832367,23.560862941727745,1,59,0
42,107.13406605432141,47.44013743185487,1,104,0
37,127.95082709954873,72.4225829702279,2,27,1
60,149.9200905094359,7.7553890702666815,1,48,0
20,148.06261887761875,8.329965604731443,1,14,0
50,142.1091400359905,286.84025321008477,2,65,1
46,110.37318885457115,25.87358470623488,2,84,0
49,97.32006656235032,15.095148699956937,4,115,0
25,78.2433743471025,7.496897566798846,1,90,0
72,96.27373970647672,41.03164714046892,0,80,0
31,120.78600380546278,14.268873771433155,1,81,0
56,88.54855513390069,25.62201158020637,1,75,0
60,123.84228556469772,0.3409375866055622,0,50,1
37,81.38173288352543,5.325526695080169,3,60,0
25,53.56032443971911,4.153783772760944,0,21,0
34,152.7762448345918,17.965625865429097,0,3,0
63,101.02341618536622,28.729636478122384,1,94,0
69,86.51865387104436,13.111260048716941,1,60,0
71,76.24611434810247,7.516119944280215,3,104,0
30,136.92143898921603,20.744715011118004,0,15,0
52,174.9963084587187,82.04820490045904,1,47,0
26,103.87704555975422,21.700019036283685,1,31,0
58,111.37746501349673,8.200161712622783,2,101,0
41,162.86527359556288,10.549358113423398,0,45,0
58,47.582171825667515,15.561656658938038,1,76,0
57,198.67474571650666,1.625878231691661,2,11,0
74,217.76401209305476,13.95875449325018,1,63,0
45,11.746498823196688,18.527880036459266,0,53,0
37,116.09987084332973,91.8741007334905,1,73,0
48,91.24211872521747,74.97754379650286,1,70,0
27,109.40912916381065,25.842296171296702,1,13,0
24,103.26459721536307,17.090684969325263,3,6,1
47,152.47036393917432,9.102583170239816,3,15,0
65,115.49720372128037,16.656089354759683,3,26,0
48,83.56371143200174,2.7765590862994136,3,87,0
62,113.11259354819504,8.018328706692632,0,33,0
28,140.5913694784964,25.805494969571807,0,116,0
43,72.65114688938873,116.57129687751937,0,11,0
52,54.150652441200776,62.711564705584735,2,61,0
37,199.7097120334128,60.97429785641713,3,86,0
18,94.30293281166254,34.521860526715884,1,7,0
22,114.50588052321909,121.74499189036861,2,62,0
70,104.0881837669771,13.720136256684265,2,9,1
52,141.92350816328567,4.109190033769608,1,94,0
33,190.91159692364175,6.123620579762661,0,56,0
32,143.19735366917138,1.2312881189876201,1,103,0
20,59.26539409840036,19.98480055775981,2,79,0
71,64.63506291965881,51.53055548760681,1,38,0
24,104.04140898692334,15.999370082947967,3,19,0
61,109.27067201866933,50.5898504242035,1,19,1
31,51.12194921813598,24.836549986574543,4,4,0
37,152.7736368069776,8.31138488870805,0,36,0
33,76.54717768474086,18.400460534063775,0,87,0
64,179.7320624850302,1.2647544447984802,1,43,0
19,192.82530388822883,6.571594822717925,2,18,0
38,110.0698586947129,61.444946710442764,1,10,0
33,137.5589056167274,49.81804408375953,3,53,0
33,70.72211111663194,73.03223740182288,2,25,0
28,144.94705305916457,35.55451624803553,3,88,0
70,100.0723030626252,6.757184542336809,2,41,0
39,76.51058713646586,122.24705874619515,0,15,0
41,108.42660046988064,4.119740250683677,3,33,0
39,101.37007966378548,15.462883209654125,4,53,0
73,106.99362387984982,2.0810488098478044,2,5,0
37,157.98719611265437,19.85756056626167,0,14,0
37,88.58769629457069,3.492601070254663,1,115,0
36,189.40091999095503,8.685811746659247,3,42,0
36,66.99761468698586,47.10545989254567,1,90,0
23,184.61721092714382,10.440368818620923,1,109,0
52,79.33957512373226,0.6347151485194772,2,14,0
19,119.95947069853537,36.204304556244,1,82,0
30,100.39215546087921,15.703453946243114,0,100,0
29,106.25085313848581,7.88182619205022,1,3,0
34,152.05428945422196,22.146583737992184,0,37,0
61,179.99307188915242,16.382545383439773,4,17,1
52,167.6209881982257,50.93249436963889,2,4,0
74,103.80574670632609,30.264288571797135,1,35,1
38,127.37020889618213,14.995256469321625,0,22,0
70,88.71688505326551,3.81461097694163,1,107,0
20,80.33798749701221,7.864274590299996,1,29,0
46,74.14796377085324,23.041999783112857,1,89,0
63,102.49706772063483,45.136702415539375,1,7,0
48,129.98422524059768,38.005130144306136,2,74,1
71,43.52739360993981,18.40333707334876,0,83,0
35,118.14585189676937,51.501278062684,2,19,1
19,180.64100498198098,10.320389875360046,2,52,0
62,164.876442762965,2.498165579235379,3,111,0
21,96.59263693893337,48.758316278162944,1,74,0
61,64.12508362868856,43.52397181790673,0,97,0
59,138.39321225859305,6.620773782820393,1,51,0
66,27.302869991699993,8.026378663928108,3,29,0
45,164.4061646353071,82.61677775415582,4,56,0
69,111.45650168467039,43.74692964454647,3,49,0
27,193.25201282309604,10.286303049951062,0,117,0
42,50.921380576941374,7.820208038096693,1,51,0
24,156.72584900831333,86.17412400916258,2,75,0
61,115.97964652743207,39.737192592463046,0,70,0
58,106.75797874111679,3.452134437575283,1,45,0
63,65.20626139151422,2.950365603585265,3,45,0
61,143.82991626846865,18.387608968494014,1,101,0
35,147.04549539107433,40.578052712606414,1,25,0
21,191.40511207863557,25.705433792357432,2,50,0
70,160.3220105144237,15.254421024247668,2,80,0
46,96.2441868417706,53.92187989512418,1,7,0
23,79.8454966552994,26.495683092545935,2,81,0
70,65.26034265910454,42.079416937759675,1,100,0
74,178.9289738255788,1.1342227470599986,3,53,0
43,88.87302862888536,41.2801369223496,0,70,0
61,179.20919475885228,55.59992223561697,2,58,0
20,141.00288163448266,76.82117481687396,4,80,0
23,133.19611526375843,16.295498859991707,0,7,0
33,107.72526749758806,50.044032527372465,3,74,0
55,146.42691652009003,5.06704609764775,1,55,0
25,119.38116948652791,46.897116023362635,0,5,0
19,105.23146834124758,3.146746440230658,4,96,0
56,147.840191465928,68.00694316574035,0,19,0
61,114.24111563115478,48.80000736815758,0,71,0
60,88.06660885044693,4.1908820619877005,0,102,0
63,143.99307101842606,9.11499121545852,1,110,0
63,117.44057377485738,1.7484074260033646,1,75,0
52,139.55640047031218,37.11757477638485,1,86,0
47,101.84560566583254,69.35806942886956,3,70,0
66,71.63514781276177,32.34030040202207,2,93,0
37,189.402958500571,10.021553780895797,0,117,0
23,181.864456430543,18.794564418861302,3,55,0
60,155.35139845047846,88.93443618344703,2,50,0
33,104.48757258502907,61.5724053298133,1,21,0
73,107.9872810735571,47.94440009921762,1,117,0
41,175.2930978358586,48.01784139615008,1,109,0
66,105.84679849730347,204.626368134954,0,85,0
20,94.6977585461081,10.511286686767223,3,79,0
55,194.88938702545812,50.69841476659112,2,25,0
43,118.0928927354451,4.592490270764898,0,109,0
44,190.7370131405538,14.188172206230272,0,7,0
33,64.06432357239993,17.90922199978082,2,74,0
73,140.72739531138006,5.802466988456125,2,31,1
40,202.8433039686646,25.210338061360027,2,55,0
66,121.19002978635447,34.90933809548942,1,12,0
42,109.43982030928815,40.236947019328575,1,17,1
20,73.28992329606322,52.48035412928981,1,45,0
68,163.2937221774099,22.168100556729883,2,48,0
28,89.19487669437251,24.89754628075112,2,105,0
33,116.20765762440045,7.717674359622151,0,72,0
67,70.61990880829555,81.40719112122717,0,4,0
68,182.27578400389731,13.394616132147046,3,111,0
70,166.1954124290273,2.4505745086650035,2,73,0
42,118.73661003147477,17.90477130453921,0,99,0
61,73.83404257652288,26.594238663066747,1,110,0
36,181.43628196970528,87.0829353881849,1,62,0
60,105.36273091811411,7.061998214480736,4,22,1
46,75.79180636729926,29.276428910194095,0,54,0
20,49.515279501098235,18.09183736687389,1,82,0
41,94.161394724249,3.4428000956742104,1,4,0
44,61.81447509880242,20.484029118438755,1,113,0
32,95.08716653908701,1.7987951034475098,1,42,0
39,149.7763493479086,40.52666836970824,1,79,0
46,104.98399344099067,3.011899960088908,2,117,0
20,134.22773528454843,19.983196513569126,0,103,0
26,91.06661361871073,16.640072369855254,1,89,0
61,122.60676265456925,95.75265498409388,0,36,0
38,196.83603288344085,19.716233364576116,0,63,0
52,106.06055687892413,9.776874728824584,0,60,0
50,135.37717750478635,34.18463391562295,1,103,0
49,57.378910901262465,3.58530838870122,2,5,0
41,180.80424489667482,15.797260378496576,0,3,0
45,100.91173484220539,10.397021485722597,3,15,0
64,162.02134599626004,186.74867533018275,1,114,0
73,115.07278816964379,6.443940749248008,0,65,0
32,144.46317460083225,91.6360461853232,1,84,0
56,146.84049708844003,4.805151600372893,1,12,1
73,101.90238641949132,14.818932004787154,2,2,0
18,163.6762574304741,6.017581399483406,1,78,0
62,89.64060544027602,38.309027968509874,1,84,0
46,151.11736880110172,51.89055010039475,0,51,0
73,104.39178823333876,8.068391444000774,2,10,0
50,133.9823179452824,31.972691729481497,2,59,0
65,101.52027990582957,36.0500511695025,0,77,0
27,121.99903898826382,17.068757824216178,1,26,0
26,77.01225193232932,29.09385986469038,1,36,0
70,129.90227938755177,19.149390998142334,1,89,0
48,121.76751339838344,68.10434779831698,0,26,0
49,98.3938578371011,9.944382123186584,1,12,0
27,117.79888134438815,4.87983380980498,3,75,1
30,125.3601790467164,35.825492715125016,1,3,0
64,95.34571786939551,21.383024238117812,3,52,0
35,114.84965697081323,40.12651380758203,1,68,0
51,79.77792236420316,5.349929645708799,0,8,0
36,213.8293215584403,21.728119015154498,1,78,0
33,162.3647464083274,0.8210895876317135,0,98,0
27,130.92376422526203,15.081416550385699,2,116,0
70,166.8845170990678,15.941318564458102,2,32,0
71,40.82990093264888,18.877834450442272,2,39,0
24,17.692810486639758,35.34917937781252,1,74,0
38,104.02835753000375,0.18123945539140443,1,72,0
50,64.85743425591565,127.51772496035106,0,73,0
39,110.53577902206683,24.419241386760717,1,38,0
59,128.22626562379594,79.51546026269297,0,7,1
32,156.81657993362444,11.83817768083047,1,3,0
21,74.46944062899146,6.3945926328521425,1,119,0
37,135.98522744640286,6.431833727231658,1,49,0
52,120.5755877260893,43.064647035705164,3,54,0
28,133.9003723973234,5.358791752839981,2,75,0
64,99.209121969856,44.15138214273971,3,25,0
18,175.3254055944848,1.0302952969940782,1,46,0
21,115.85965406281095,34.92823760943291,3,52,1
47,190.96728894015075,3.1284634459668412,4,12,0
47,88.38445385271106,34.18324553922397,2,72,0
34,149.71309359822214,2.5508253968115837,0,24,0
32,117.61326077757886,3.125178702221593,2,1,0
21,106.89030333332946,44.26115842645664,1,74,0
55,145.29261361870186,52.86036512467415,1,36,0
39,108.03306083241642,24.83269282252554,1,86,0
24,13.521386513706872,19.38684004118527,1,64,0
40,10.0,22.873641262670198,4,4,0
71,170.89688641136195,33.51177963436815,0,83,0
32,169.21033831518784,11.6164369440468,0,5,0
68,195.49363785023786,10.533292323311377,0,38,0
32,119.2988700687129,68.92117494761106,0,82,0
28,68.29460792008435,37.251797687318884,2,49,0
32,103.21664629395994,12.803309762711391,3,46,0
36,120.45698061445252,5.100990123257809,4,27,0
24,79.71847102859563,36.44572205577428,2,53,0
51,185.94298891895465,57.25235986500453,1,35,0
37,209.5801151857495,37.72213654757276,0,113,0
58,139.1312280292071,38.09765352823707,2,82,0
45,119.56545013207216,24.174539957497768,1,109,0
43,68.20132086102271,0.8263876492119957,4,41,0
44,181.85735584624206,1.8597395556192693,3,114,0
26,123.05227243396186,3.678658474094349,2,34,0
58,108.43342406357552,8.645328248180796,2,37,0
23,139.2469635469815,43.61532519507553,1,36,0
59,96.57153884043258,3.798093268664503,1,71,0
74,125.87500692487274,2.3027912211108896,0,73,0
61,62.3013259661736,8.026894549599414,0,8,0
43,163.48348757009737,6.455448893185803,1,67,0
35,115.82355835457307,23.292866569155628,1,114,0
67,166.35203442536047,1.5623981944842638,0,49,0
32,111.95455288633522,15.2030368153739,2,84,0
45,114.55201164864087,68.72604347415287,1,76,0
61,71.5073028683217,32.54375443071153,2,117,0
70,150.39027892072573,97.86966408569361,0,77,0
70,84.96640183907634,39.08329752998226,3,57,0
23,100.54310507203085,9.835653283547245,2,2,0
69,120.04188744330148,45.14151213458636,1,96,0
24,124.84896734757426,48.8802929660451,2,41,0
51,51.75612239128964,31.737827094178847,2,111,0
70,110.76776538047935,45.06251599398207,1,30,0
55,151.80920874574855,85.41896558774488,0,53,0
72,104.8664786190439,21.015532244804668,1,99,0
37,111.01072983146713,3.3600092929840635,3,19,0
35,126.49624203370907,15.0708632535439,2,33,0
36,114.96158269812004,3.638412283110353,3,95,0
38,78.77937990449581,124.36131705768153,3,38,0
56,118.54615505332382,3.560840709026696,2,114,0
43,159.76292680023585,8.157508465827647,2,64,0
60,77.95296210931639,29.208116503919896,0,99,0
41,105.02072442056728,43.28067260442364,0,66,0
35,64.73474704259691,46.12561973365204,1,6,0
28,157.6552780196138,27.7919838374842,0,97,0
49,116.30567172648485,5.489368425158561,2,50,0
69,85.99201465576547,17.34895451429753,3,47,0
66,123.6906240057271,72.8018293647999,3,88,0
32,71.85599140418189,21.749217200289916,1,34,0
45,78.66017874158374,0.4233793023616302,2,51,0
58,61.59465880592877,23.082067102472486,1,73,0
52,77.328830497704,0.8521391614372577,1,71,0
21,174.29350335999226,26.12550935473837,2,87,0
51,90.67526674869616,126.98063770863172,1,10,1
20,138.64900490605916,21.29030054430736,2,119,0
24,86.54794320176313,28.001910443644164,0,73,0
55,150.38134983052876,41.36172229325375,0,74,0
23,78.95671996274737,9.711531663814316,2,106,0
37,121.56911711047026,3.202636031477571,1,59,0
51,122.11405239475795,30.852006577504042,1,4,0
55,213.11221345706366,12.374073121661421,1,16,0
43,145.2170115192066,26.54489625776746,1,113,0
23,96.28383942682906,12.41875042103559,1,118,0
63,147.40195854602055,72.9054269445144,2,10,1
72,205.52697881940833,24.755231641296422,0,82,0
68,54.814556380628204,28.235304655886562,2,79,0
60,86.30071829725094,3.9009105835119353,0,20,0
40,110.52409763546825,17.091381666691813,2,94,0
67,103.31647091432195,33.62616990681299,1,55,0
45,106.689732066805,20.05691405536107,0,28,0
25,67.83070937627028,9.41687719404904,3,67,1
66,176.1582421420005,39.002815582789545,0,108,0
36,63.09565606093523,87.97752010130309,2,26,0
71,111.99148761510004,5.890378386316584,0,74,0
38,161.8332236704279,40.787146163896246,1,88,0
67,118.7926057141659,0.48678250437061465,2,75,0
48,80.82423332388925,2.0208960187965666,2,78,0
44,66.0529737450417,44.787280915140464,2,87,0
34,110.80003215888871,1.3213051954397477,1,28,0
65,89.71881736598135,1.540854361320479,2,13,0
21,128.20924366811911,12.031611210905853,0,118,0
44,63.94195409103282,40.57652170369637,1,39,0
39,152.52142947550487,0.14441028238143586,2,113,0
48,124.62198092657859,43.47848760270925,5,32,1
32,127.59345577409908,96.2540086010545,1,32,0
55,177.64307112960068,15.403182902770315,2,3,0
39,102.48818006512536,36.351949545564146,0,53,0
28,90.96733221067105,89.16821910214024,2,113,0
29,98.08945486612507,2.2539530997700665,1,107,0
57,112.29893721906969,42.80677712601411,1,37,0
32,116.36140420834685,4.565040719397297,0,49,0
35,86.77209053592907,29.236604952022063,1,80,0
53,39.07658987867764,20.26522388659629,2,114,0
36,97.56283996483847,5.152858723290253,0,72,0
40,134.3930266514756,5.189739799930411,0,24,0
31,125.4503322501397,60.15328818149475,1,43,0
37,167.98217879303309,8.695198874270782,2,87,0
57,198.21946175855155,35.10219341169686,0,3,0
48,150.37335085833874,3.082572779185113,0,72,0
74,175.30082569632904,50.519632602005615,0,92,0
61,150.6709716905248,14.551353803384686,1,42,0
18,188.39597023709536,37.62149418215809,1,65,0
39,194.0341453716507,14.607753657967187,2,86,0
34,158.04660683115708,4.043739599687715,1,71,0
51,148.25520585698342,71.88523953622146,4,3,0
33,111.79071312250531,0.6780556626615498,2,70,1
73,118.3465087614436,67.77361967892422,1,28,0
35,106.48650674598952,25.102686825917033,2,89,0
47,144.85006443580224,19.539395241704355,3,32,1
25,91.18607850562606,64.47722221385621,1,117,0
69,112.3557516088036,31.38663808234943,2,14,0
69,25.793204592867994,126.4186414386957,1,106,0
63,188.92359579090038,66.39649446211862,1,5,0
38,111.18101669654726,40.99563881085439,0,82,0
21,138.22321749346307,25.698779564937787,2,43,0
58,178.3114677884561,66.4466374428631,1,24,0
42,132.0117374976472,13.803887531976821,1,26,0
74,177.77374808373725,2.465978170261863,0,5,0
57,70.33048751394531,3.116117411699632,0,16,0
48,215.8950635839081,57.42525311438912,0,47,0
74,163.48440793955064,19.06406953112474,0,19,0
63,128.36809969946563,29.97418542230927,5,116,0
44,177.0031733050178,5.784087235953183,1,99,0
19,73.25460456042512,14.262201946002111,0,57,0
23,108.45540484922024,94.58865688429846,3,12,0
43,177.77001585609517,22.20528430170709,1,118,0
50,45.31759276420141,11.341619978633199,2,87,0
19,142.41831099835218,2.102474617378969,3,22,0
25,141.28704639380615,10.33955332654382,0,7,0
58,198.7690326728865,28.058070922206706,3,74,1
60,56.68178321111054,23.10963630698375,0,5,0
19,184.38524228126533,18.52307026663861,3,74,0
46,97.62117027404389,61.411354683684365,1,53,0
22,102.11962160352581,19.044650856223647,2,105,0
59,71.11982452160828,5.7876855105064,1,46,0
65,76.485918501323,10.786551605210352,1,54,0
67,136.1408938981569,46.685561606546386,0,65,0
52,75.50672340874578,2.0920867919699697,1,117,0
53,149.6113733461166,71.47848928925875,4,84,0
70,93.48135812120987,18.79461564706262,1,80,0
52,71.4786477660541,39.29847733707155,0,37,0
43,98.88763414560422,158.2819315473639,1,58,0
61,133.46828767025224,28.074835511961993,1,24,0
51,108.90586952275922,16.38320819853891,1,47,0
66,121.36840473331193,1.1565170846217898,3,98,0
47,147.84829847344335,17.359667653983525,1,12,0
67,163.29685806467793,22.065167381958794,0,20,0
20,107.59618765642276,12.405729011555778,1,70,0
20,78.23111937695366,30.123494434761678,2,96,0
23,123.04377915690065,2.197383177112279,2,117,0
49,138.82598344416286,58.363691050704645,2,70,1
58,61.570987761121984,26.666306766351816,2,79,0
30,84.3756681196966,17.041398972855923,2,35,0
26,91.23252416148236,14.913827178485525,0,49,0
67,111.68711245118494,35.91547663085114,3,38,0
60,89.55864385492856,31.240798046169942,2,13,1
54,148.281629003876,2.490326550100417,2,45,0
45,55.794671941663296,36.79626590082145,2,26,0
41,56.811252112223016,2.2573137871829467,1,71,0
19,106.6444475395415,15.343405417612786,4,90,1
28,112.97388783440573,12.708689784193016,0,117,0
69,61.81424508567585,21.465497574105605,2,105,0
37,95.7300462940974,36.16120850959469,0,38,0
58,103.95824730323643,27.25782857896116,1,112,1
58,104.26808211911418,2.8668981691339512,2,113,0
35,126.07525933157166,49.62394836580616,1,60,0
29,93.53684462305752,48.87998677397399,0,25,0
57,179.11345200033094,26.787141215575048,1,93,0
23,139.52818558934288,7.209716800318684,3,14,0
46,87.71545917434713,6.424501385296102,2,43,0
68,123.78045973470292,83.62338418509034,1,64,0
58,124.9606127442242,5.138903866755906,0,103,0
61,168.58885897991124,27.431414428177654,1,117,0
22,95.98470284334596,82.78537932703348,5,98,0
29,150.69354790882295,10.1530276146659,4,58,1
33,121.6741790312991,5.06474966907207,1,11,0
34,179.66266065795065,10.219889602905393,1,96,0
29,171.6356581055763,53.233720464285774,1,102,0
73,127.87917218370401,63.04540153379672,2,57,0
27,109.50869515935759,14.555149720876647,3,66,0
58,140.26423638717824,22.993956883750894,2,102,0
51,112.78199891491336,76.49561133953517,2,16,0
52,187.2122842391334,7.067255174834089,4,97,1
30,123.13880312708048,17.108292363369067,2,62,0
35,103.77429469948652,37.98061243314337,3,82,0
52,101.61539655704297,91.38565485068732,2,23,1
35,71.47857659205171,76.61230957313205,3,74,0
57,142.2623651237329,24.572191441144945,3,32,0
20,87.1995518944199,13.033570477841813,3,62,0
22,163.92593008750987,36.16473164043804,1,63,0
59,68.28259783993707,4.442777521105234,0,114,0
53,125.08965795893002,147.9434189802862,3,80,0
20,166.00895033989815,9.224241807194897,1,67,0
69,33.91011741505454,23.932084394738418,0,48,0
18,200.73062175168744,0.3309809972569045,1,41,0
72,102.98859211207562,16.95602527467655,0,78,0
59,125.64381528648558,21.260245037805056,1,105,0
74,142.85796902065374,12.374618445201339,1,69,0
72,149.04516224462213,21.08500827574787,0,79,0
35,130.9553575303873,3.8639755126580257,2,40,0
61,159.8953833482547,25.33908510537786,0,67,0
30,140.7628285168725,59.338923501081794,2,69,0
44,190.43524560129214,8.99984376768214,0,82,0
31,140.8931017141839,75.73065887056593,1,38,0
45,198.5854207953235,12.02020507911697,0,42,0
67,156.04315360950625,12.978635770942706,3,43,0
42,47.76999496926949,21.83540199211039,0,51,0
23,224.44410713551366,18.32680989258011,3,35,0
36,97.02623566091125,24.337589112612434,0,24,0
62,179.8217606080694,58.2216086065557,2,60,0
47,121.07173772477753,53.28914598157503,1,102,0
49,162.44361030410317,8.306865802481475,3,4,0
42,92.46084356536824,16.111811512934285,3,80,0
34,145.0297817235835,61.61309588157015,2,98,0
52,109.87237818422378,1.7452220726787844,4,99,0
54,183.16012446359554,5.446197710314953,1,102,0
69,137.54672669668037,2.4003557533075006,0,38,0
53,157.43770565206265,12.880308876288199,3,13,1
74,33.43692514107718,13.57346155508925,0,119,0
65,116.57709280845499,0.17959011040073364,1,84,0
22,136.42206540233184,33.40960894372255,0,43,0
40,128.94459625758827,70.58453047605536,2,102,0
39,158.44628854871402,17.49327768432487,1,43,0
18,105.36383019450182,4.94106258572942,1,90,0
28,121.95148420138523,67.15465373670946,0,115,0
61,167.24907057659968,55.45297903298513,2,92,0
38,28.85243986218572,23.385809026191637,6,78,0
26,143.57402006553366,1.5740800813234233,0,23,0
34,106.64460696025787,21.617839166514642,5,112,0
33,83.50727501785514,17.052250228427308,1,51,0
27,133.4617689710392,34.24200696295182,1,75,0
23,169.09805187234622,72.79432281829408,0,73,0
61,161.56575325936723,31.36750456419686,1,30,1
64,114.59547876373486,60.127287099134335,3,72,0
46,155.02963855043794,62.13677269474277,3,47,0
53,154.72271593783375,36.264417507291725,3,42,0
70,116.50514918027332,26.26544483866521,2,103,0
66,92.27677792047169,0.1562657379586207,1,86,0
19,94.5906387551068,19.396430901201793,1,59,0
72,153.51413395472548,6.995968439826401,3,3,0
21,118.31412745149237,12.368187449259041,1,85,0
19,78.15271121077646,8.5733849576393,1,88,0
40,52.605486579635,52.891035434846685,2,20,0
60,153.27325808385518,0.26048059949531094,0,91,0
22,98.12886310943105,26.734155748873505,1,48,0
34,133.21551022623927,0.829873170214897,4,88,0
32,169.58827628276495,68.90031724103466,2,100,0
40,67.6430209258606,131.7597934927431,3,84,1
74,118.19450477948621,14.562851752937481,3,112,0
36,113.1722341512452,103.09437593461388,4,10,0
29,135.18971502511843,0.5605679092303881,3,39,0
24,169.5663999368174,44.551000909393466,1,8,1
29,66.82192741350369,39.72566578645905,1,21,0
25,142.79191794823066,74.664629343237,2,45,0
50,161.26095099974805,2.6922667819083426,3,3,0
41,112.54491744172869,0.9819892170757514,2,48,0
46,114.50212028427505,64.92902926832774,1,16,1
65,136.73797475939688,10.19105972237577,1,14,0
51,133.79268311559153,97.91974628040542,2,100,1
26,143.2941042946849,73.71475524736033,0,89,0
39,142.45122105604867,8.767973960776565,1,55,0
35,80.72110777537395,39.88218431711601,1,68,0
65,159.61065990819773,5.3570748437241695,0,35,0
35,166.67132648760952,6.498368606451146,1,58,0
25,127.44331574761193,109.71472426546299,2,93,1
59,60.233787738013326,41.91318435967733,0,63,0
42,115.41017175999637,75.49190512985682,2,95,0
23,127.77623507762273,11.798455858405909,1,58,0
57,74.21599048852731,22.65944315055201,2,44,0
29,105.59447745691946,33.626871786959434,2,107,0
67,63.62522449765833,28.247333316660345,2,108,0
65,144.29168899945776,51.14588804624376,2,28,0
39,126.63821259608206,14.710156704727725,0,56,0
49,54.16867340743022,75.45760410244152,1,92,0
50,134.05859446327923,11.41434513487353,2,32,0
55,117.73964210438835,15.08052828241516,0,90,0
21,140.6565713101762,60.7896487110211,4,108,0
36,104.33870264978289,17.289346238023032,0,29,0
27,87.94082397027904,28.75070765793992,0,19,0
57,89.16621494168773,26.712307764538437,1,113,0
21,98.47319133806381,8.94729728707796,0,119,0
47,120.75300386324189,3.4801008131399622,4,103,0
59,125.91833861699168,36.481107559928205,2,73,0
72,112.37120488767589,24.184735485596086,1,11,0
34,103.06721804013924,41.76259395574004,2,109,1
18,105.94386927978073,2.519742069660864,1,24,0
59,220.30899142027732,22.038435398820873,1,22,0
18,89.17099394007165,6.820681284679193,0,86,0
21,97.6811196581523,19.47647053346217,0,47,0
74,251.75416433472594,10.166661497643096,1,104,0
67,136.8405320984221,6.366048857885796,2,104,0
58,64.80077336385217,1.3409912107766746,2,96,0
65,153.70748815909053,8.420006014693122,1,100,1
22,83.59844443195409,59.853329684212696,1,65,0
23,156.3624603122039,6.034977057245885,1,104,0
35,111.56150882517274,26.204076139269688,0,109,0
19,102.4081660204237,79.19725838140846,2,34,0
68,184.36659875310332,64.66689943410782,0,51,0
21,142.6560541063698,9.591179519404982,4,74,0
49,158.9195774979683,10.597536601478273,0,103,0
66,137.39678718079784,1.7941921535633776,1,47,0
59,102.22221904827606,46.3525119196192,2,31,0
31,144.45417681032833,62.5674177761403,1,39,0
44,168.3686157073784,42.94524209819748,1,96,0
49,125.38952174070214,15.790768898707267,1,62,0
61,192.06570417386024,8.429418617688626,5,31,0
42,154.01948812807635,85.99012839558964,4,86,0
34,128.47930199086449,10.160441073089853,1,79,0
63,130.05946124071272,0.01367425126248946,2,62,0
68,125.489485158705,0.8099048719077756,0,74,0
45,69.95044857620033,28.930369650865025,1,28,0
19,116.39711216765579,189.64420724802793,1,22,0
46,128.84745941364667,47.992448003313164,1,97,0
68,103.35659514933886,35.415614213855115,4,81,0
74,133.5070807481878,49.31615463968358,0,117,0
40,120.85229961420444,16.777032662063558,0,112,0
26,150.94767564395073,15.319207975303538,1,44,0
50,146.52449524262926,26.717351271984526,3,56,0
65,126.68613150339365,55.767046633942456,2,102,1
71,65.31148434792007,9.337933415445262,1,1,0
20,191.62890954724682,4.927354465972001,3,103,0
34,114.32436005715427,78.96855531162258,0,20,0
45,116.76454185219472,12.49281803440537,0,32,0
23,106.29916605202449,3.1997886854708617,1,58,0
68,100.46353375737854,27.841879134831856,2,84,0
24,181.76232192002095,58.149849110583006,1,43,0
55,175.4417728154432,15.866839369723248,1,112,0
70,137.77573614310683,52.91791150299855,2,94,1
57,115.69999382277098,0.16693608916028016,1,89,0
61,144.76471940055012,2.564625178854678,1,92,0
33,122.95187927077491,15.307354726662,4,4,0
65,112.39108326707604,14.015562300531055,3,98,0
41,133.5242368602532,36.86003696605765,1,72,0
21,102.3536901221822,56.625973371813025,0,23,0
38,130.0905705601373,35.48764362116306,1,93,0
37,128.1688370248654,12.942758143141363,1,13,0
47,144.11744085031697,4.307903971347249,0,74,0
33,95.23452170097565,8.55890875522917,2,68,0
44,148.40545411506162,62.2991066673043,2,4,0
42,83.7475402819798,9.04638941465422,1,45,1
36,97.09733393515046,94.39357384416124,2,15,1
57,98.84299763417025,27.85609109402054,1,113,0
35,77.11792910505287,47.48593083485768,1,96,0
61,160.62649133542652,11.737053859789325,2,119,0
32,81.23790095240811,5.431483463052155,1,59,0
67,92.04334650373312,0.644202247334618,2,40,0
38,170.2163084194657,32.868475740198924,1,114,0
20,97.17669192585399,2.1032746613854605,2,37,0
26,112.47429259447614,3.965132649957268,0,50,0
63,79.51883996333856,59.19361495338387,1,16,1
67,153.3180483049074,6.838003672997098,1,98,0
30,153.8694497676426,9.728602673103314,0,15,0
52,149.55783616493787,12.108388074942628,1,5,1
50,141.50119312775774,13.827221819532538,2,100,0
25,122.94356444077907,6.2939551754669765,2,101,0
43,99.02493332248062,20.707852483154713,0,102,0
57,87.40122773335916,55.32625180169087,1,103,0
73,171.5962210704668,122.42508835130992,0,17,0
66,150.5921708690636,27.804303284146783,0,44,0
23,92.26783091198303,41.852123451725,1,92,0
31,121.59327072892538,7.2713329712993255,0,37,0
42,107.99539628059946,3.109736220093971,2,93,0
26,74.87157177177,20.035050068497107,1,109,0
50,127.1060550648521,90.37463730811994,1,115,0
18,103.38029343043218,54.5085314249314,2,93,0
24,81.89853334817258,10.078039705195751,0,95,0
20,60.834697834329525,8.635425077480397,2,72,0
34,57.44785999177316,19.424697330579622,5,10,0
61,105.14295489221442,19.177933483271097,1,52,0
28,116.59620118300337,21.560258714910077,0,114,0
74,84.98796759350736,18.71816961098066,1,109,0
33,146.0295771062891,25.149014190085403,2,29,0
20,117.3781383286815,68.29966040916757,2,89,0
37,143.075412423946,12.978832642324809,1,37,0
60,112.6835683924917,8.930230517487127,1,50,0
24,88.51529459171576,49.664300926154645,2,78,0
22,124.56470284554456,32.458993293339546,0,60,0
66,69.49301951926711,3.8126339490389,1,72,0
51,141.57754082546592,11.827075356508654,3,12,0
37,82.51403173947466,32.844261200098735,1,36,0
61,156.72930106133796,55.665594746434216,2,97,0
66,106.46177015032342,97.48240061783743,1,74,0
38,162.50134065239666,23.537561898333013,2,101,0
49,75.09507245646739,9.796003144981727,1,115,0
18,92.88921197084719,9.945445902159406,0,43,0
35,135.23739787394283,23.63584711929245,1,32,0
51,166.8198837370702,32.65949396040699,2,37,0
29,186.6643563325969,7.780470448128859,1,69,0
74,121.6546465472349,26.627784012900484,3,31,0
73,193.50982523147024,78.05653415483404,1,47,0
32,108.41341800698278,8.106287657558848,1,21,0
40,163.9507048945189,23.671404029686787,2,46,0
28,82.31276012162779,16.52941598696921,3,113,1
46,136.80802027453018,38.14674511914015,2,51,0
25,26.332278365742184,19.61524064719714,1,91,0
40,75.13635953387505,27.279755623963357,3,52,0
49,138.6670719232306,6.495332290885328,1,52,0
52,67.50244591197907,17.605004064672418,1,79,0
51,137.0779844315674,4.299000787371058,1,14,0
30,156.25832483249454,10.441690163569842,4,43,0
63,99.94719229126888,6.452451121915994,2,17,0
57,81.24188177303208,100.94128192479461,4,24,1
60,101.03253536581045,5.877699702825234,0,85,0
44,81.36750723263258,9.17243084116684,2,21,0
68,115.95145767936329,4.218525356116056,0,25,0
40,124.08362499552327,14.757774943652883,0,69,0
63,107.75959507612765,6.706703676953936,3,42,0
29,186.97436960747285,78.28360975022902,1,15,1
32,91.22384721252098,4.490808181989129,3,114,0
48,175.65732717021248,32.13632731854337,0,110,0
49,78.35043054751546,34.974854064570835,0,70,0
60,122.91110279766195,34.72970491482383,1,63,0
34,167.32421634192278,23.527093314978266,1,97,0
67,165.25428609013272,70.93363358790207,1,116,0
36,103.1896840919906,23.874629424174245,0,13,0
48,142.2027888028538,21.323294431510273,1,12,0
71,136.84716334656903,30.810075563151813,2,40,0
48,98.4024328562904,11.94490011900421,2,37,0
56,144.63799748592297,40.40745082205311,1,107,0
69,194.49968688209492,49.5807446506142,0,61,0
73,138.8680266025052,57.81445033168734,0,97,0
46,142.65425516282684,30.530171828783843,1,80,0
41,146.8861991280283,25.363130306038762,2,87,0
29,61.56093570579438,196.97130345541188,1,114,0
48,138.40898692825155,40.862860447960784,0,70,0
70,79.3296170064589,101.40447944897387,2,93,0
45,96.40452237208801,46.49373037153322,5,33,1
37,206.47767124754012,77.61654679824824,2,31,0
24,109.8695356136476,27.261248652186026,1,70,0
40,90.39303582823091,12.115442372819004,1,108,0
31,166.1033031560557,0.8871953889545805,0,7,0
73,82.09291988630493,21.60217059152815,2,60,0
48,102.10323423241292,2.3597520177339453,2,25,0
25,169.9620867194467,61.59458889820589,3,106,0
21,121.71070261231837,16.411469245263802,1,62,0
66,57.53611819493883,48.93726661640266,0,6,0
71,141.75958457290477,14.869614104033927,0,1,0
61,104.14136471813964,42.61096209066115,2,77,0
25,181.5940594612098,67.35121412928643,2,28,0
23,95.75252209463466,48.267121330311014,2,5,0
29,162.04903894903705,10.04725325967705,1,19,0
60,191.02792129462858,43.89083826498692,2,19,0
61,85.96227104753717,29.325762581513903,2,42,0
65,112.27147916967229,11.189034377735144,2,86,0
23,135.54501096577803,12.48598935312302,2,103,0
26,85.70616989783302,7.878757422908088,4,64,0
69,130.81179786831322,39.399405543041475,0,113,0
70,111.00318849976031,52.738184368919335,3,95,0
59,110.19729713626539,30.509325757206845,0,20,0
24,121.95753570832446,91.47743076950607,0,88,0
21,122.85058862314257,7.606211955339298,1,28,0
21,126.5552307630416,25.464093322223707,0,115,0
57,96.04694618172863,0.5692120727331372,5,101,0
66,97.79313102600986,44.7046053517154,1,8,1
54,115.25649644700678,24.982048627067808,3,21,0
32,118.2096943505682,64.7223375425105,0,53,0
61,102.44602640213533,27.063154929996347,1,89,0
21,132.95758568344073,39.12266289154142,0,66,0
65,47.409530052992125,53.25706106809113,2,11,0
68,90.78134964364193,15.192332959679383,0,75,0
58,108.80288695188582,29.167326754818696,4,78,0
68,85.7553925187758,47.94214991144764,4,111,1
51,185.16792059235564,13.09335399436172,0,32,0
44,120.75447386899806,16.5192927178824,1,5,0
36,127.07078712903613,10.002071208850746,2,90,0
70,100.67077168138157,17.172836020206596,3,84,0
57,119.36884318508156,5.1000437300960355,0,62,0
28,71.38986142789065,13.038530063510755,0,83,0
72,113.20731855619707,2.8821549447948676,1,22,0
21,82.51966285616976,9.647660651852817,1,15,0
51,108.9038566097535,22.868037873887182,1,48,0
28,17.60333734790011,13.75894941234242,2,107,0
55,74.87987166225898,32.89536362757447,2,62,0
41,178.55705618057334,28.38139487013595,0,77,0
42,153.2159099643017,23.659945971298676,0,119,0
56,172.76157343660924,1.2636733266936981,2,37,0
61,175.50885078683694,73.33667894499855,0,58,0
39,146.9194969665791,14.41550377587983,0,82,0
74,101.8852525848346,29.885031981377903,2,18,0
46,78.5099621493751,46.44319938235176,0,48,0
27,165.86978421798787,8.831198449951927,2,67,0
18,122.58271897549562,5.353374610250284,0,37,0
29,219.7609126552763,0.8740464989999692,1,27,0
57,105.39608095956983,61.072916280083916,1,53,0
48,198.9158341912192,6.987909494145068,0,105,0
37,113.72832837216978,126.66460585919565,1,50,0
45,173.441943890348,11.293369905049557,2,100,0
65,187.86766948929818,41.58123845803747,2,81,0
50,79.08200287277151,1.3025013634684142,0,16,0
21,100.60007686836525,38.73576840163218,4,109,0
20,78.68083097205877,6.037395625148297,1,71,0
45,70.80222046967106,1.7698027707774546,1,68,0
41,146.682674020998,3.1594158029524757,0,83,0
66,112.13486519003914,37.24283443718459,1,5,0
51,122.09465292760545,3.4722532400455473,3,30,0
61,142.2495653989312,12.211447540140114,2,95,0
51,45.70452665140341,46.90417776012676,1,75,0
37,171.4706401582822,17.303773534576173,0,47,0
55,106.0362334664033,0.9733967416955085,2,56,0
53,141.2960522495143,6.633126121170808,2,74,0
59,144.82851356914188,8.834258109463459,2,58,0
28,174.83186243055363,19.72843675945758,1,55,0
54,115.80570448867866,100.08576687757869,1,66,0
34,35.05450163828277,20.06187773004785,1,34,0
63,122.28510453814243,25.736046765568904,0,68,0
63,128.02827432646404,18.67103831445105,0,83,0
53,78.6295656343953,5.270602870596766,4,85,0
71,125.89962617731754,17.86548295294691,0,74,0
48,105.55926261094832,215.6239452549213,2,54,0
19,66.28984202869958,27.253758447988485,0,78,0
52,146.85939580037135,51.11540450552475,2,86,0
62,97.45099396408816,23.04164445496084,4,37,0
23,103.74483141051724,113.94562467775795,2,58,0
23,101.49684610851662,5.879060496842286,3,81,0
33,169.41914389856586,14.170768682943862,0,79,0
66,118.36335352906431,21.19257285038169,2,60,0
48,123.16399282183286,8.33806907867757,1,32,0
73,102.37455382454412,14.872697111720914,1,109,0
67,138.5146728901962,53.19862444302686,1,65,0
49,173.97272193802687,44.97414842237111,1,65,0
56,145.91443269946026,20.402844583000196,0,56,0
36,147.47467845339423,5.97010138267481,4,91,0
23,144.24920823537383,3.4762725408699033,3,36,0
40,64.79029426755346,33.70558057058305,1,112,0
51,84.95524673203447,5.4112585349360165,0,8,0
28,111.80050425603496,53.92939367178747,1,2,0
30,90.96543830027097,42.58235154594823,1,61,0
18,77.41851900976008,62.31506632631985,2,103,0
59,45.11297036517705,26.49679992879632,1,2,1
69,66.13883147463436,12.200155048940275,1,81,0
65,109.73897770629598,16.016802142646352,0,47,0
39,117.22294532724462,15.871016803575579,2,3,0
51,88.27784895477699,89.82119031470558,0,45,0
72,123.15700850732904,23.12186265247381,2,77,0
51,102.64665436366495,2.379757856012686,0,76,0
34,163.62294349495392,18.969484491582406,0,102,0
37,113.5349694390065,3.952857042902343,0,118,0
59,147.85323525606861,0.4845725093071673,3,7,0
43,128.1285504917877,29.914614145996723,1,103,0
65,63.917158430237805,13.188118525351129,0,2,0
67,116.37367297051298,5.404357607876946,0,117,0
20,70.57503602685266,84.24172526410571,4,93,0
59,115.67516647132315,64.17581015828718,3,114,0
39,90.19476731077243,9.734077092190775,0,9,0
47,135.27852133939234,20.575839787546098,2,9,0
33,66.30582650135196,39.17464538827917,0,118,0
38,120.58807301117749,6.388599056108544,0,34,0
36,142.89662330252776,8.275504665979296,2,46,0
20,156.3038227723598,38.428530025108955,0,36,0
62,89.43328968463109,76.97163675130113,2,19,0
26,120.710038888287,34.72703952687458,0,9,0
39,127.36587891646295,166.73874450002666,3,17,1
29,181.8850511817107,8.351202707389675,1,101,0
27,60.74679756999452,84.1606584732608,3,4,0
39,83.55589819715804,54.71719640748887,1,107,0
70,232.1784997094432,8.622275965664658,1,27,0
71,109.07610864176101,15.4596103378936,4,72,0
39,44.36024760386901,40.1992046067841,1,31,0
46,96.69799426607335,99.31131936035337,3,107,0
74,10.0,8.546513330358104,5,5,0
31,129.63682849824613,88.2278180889405,0,86,0
71,152.39139041112875,14.493667392240482,0,112,0
24,83.53350495324987,25.736404412596773,0,53,0
30,101.17104310993973,15.061984374162376,2,54,0
37,156.9461662147565,13.924094675485023,0,18,0
20,49.99138140615719,8.532167818305972,3,105,0
64,67.13715151201818,25.25010839164311,5,115,0
66,110.8753927313744,6.931815781112177,2,60,0
39,89.90660650132726,137.5836564361005,5,83,0
65,108.24532410105648,40.890661363076084,1,91,0
62,69.44998722373913,14.705994594567908,0,43,0
63,128.5725394368603,16.54843332349436,2,1,0
63,114.03067659280045,28.032208024831103,1,16,0
50,141.96761976932132,20.012682644597742,3,107,0
24,128.0159800192117,22.24230419959498,3,96,0
70,128.26760289984094,31.14415300579492,0,12,0
52,62.14770581879545,14.531540050673584,0,96,0
69,139.7036620657949,78.76182647790735,2,106,0
72,106.76534392782231,6.275773107785321,1,65,0
28,113.33606769401528,0.5282397922233961,0,54,0
40,161.9305750556324,0.6125551377727146,6,119,0
28,91.2225777393242,9.393446114932722,1,104,0
20,174.04737313836003,65.26243007965378,2,46,0
73,177.77901197492372,3.451871955359017,0,57,0
70,150.11137749457487,26.547029100995523,1,113,0
71,80.77516756930312,5.288163851727309,3,110,0
68,32.548270174922735,38.92965040033921,2,76,0
54,163.15339657039763,4.804441719165051,1,78,0
47,124.45540245324318,0.8984448293991784,4,88,0
74,90.1921011671415,10.478011998654848,2,35,0
49,166.94249375022412,1.614986471778561,4,110,0
54,85.53764476488763,11.091266047982536,0,35,0
30,103.03378967076229,55.51039909194424,0,99,0
60,140.99561457267976,0.819338452047582,1,98,0
64,75.4558867354049,51.63643539435923,0,35,0
56,115.62076361571731,41.96197080674621,3,97,0
46,163.56548735653445,76.51261871985777,0,104,0
